client_id,segment,clinic_size,devices_owned,last_purchase_days_ago,purchase_count,avg_purchase_value,tu2_active,tu2_sessions_last_30d,ai_usage_ratio,last_contact_days_ago,open_rate,click_rate,support_tickets_last_6m,buy_label,churn_label
CL-0001,szpital,13,5,707,7,12987.48,1,101,0.22,130,0.17,0.04,2,0,0
CL-0002,klinika,13,2,285,12,12362.29,1,110,0.04,325,0.69,0.17,7,1,0
CL-0003,mobilny,1,1,26,14,7386.28,1,29,0.52,92,0.84,0.39,8,0,0
CL-0004,klinika,3,1,118,8,3961.32,0,0,0.0,113,0.22,0.08,1,0,1
CL-0005,klinika,4,2,14,10,4427.91,1,86,0.31,148,0.81,0.34,3,0,0
CL-0006,klinika,14,3,389,21,1997.62,1,178,0.06,279,0.09,0.01,8,0,0
CL-0007,mobilny,2,2,115,13,6063.69,1,161,0.35,120,0.5,0.14,3,1,0
CL-0008,klinika,5,4,116,25,12662.42,1,131,0.41,115,0.87,0.43,2,0,1
CL-0009,klinika,7,3,421,19,9657.92,1,4,0.7,360,0.56,0.1,4,0,0
CL-0010,klinika,15,4,518,17,7650.57,0,0,0.0,263,0.26,0.12,7,0,1
CL-0011,klinika,8,4,618,3,12527.51,1,160,0.03,159,0.47,0.01,4,1,0
CL-0012,klinika,10,4,254,5,10310.86,0,0,0.0,326,0.52,0.16,6,0,1
CL-0013,szpital,37,2,621,4,7063.27,1,50,0.18,85,0.54,0.0,8,0,0
CL-0014,klinika,10,2,17,22,6383.31,1,42,0.98,198,0.4,0.0,8,1,0
CL-0015,klinika,13,1,31,1,9910.36,0,0,0.0,148,0.87,0.22,0,0,1
CL-0016,szpital,23,3,116,2,659.56,1,187,0.01,278,0.13,0.05,9,0,0
CL-0017,klinika,12,3,165,11,9561.91,1,83,0.99,64,0.55,0.25,8,1,0
CL-0018,klinika,8,2,51,24,6371.33,0,0,0.0,251,0.43,0.08,5,1,0
CL-0019,mobilny,1,2,355,8,12122.05,1,199,0.11,48,0.4,0.17,6,0,0
CL-0020,szpital,11,7,652,12,7610.09,1,130,0.34,71,0.18,0.02,2,1,0
CL-0021,klinika,5,2,725,19,3414.96,1,161,0.76,36,0.38,0.13,0,0,0
CL-0022,klinika,7,4,409,15,4030.42,1,137,0.84,201,0.77,0.02,9,0,1
CL-0023,klinika,11,3,599,11,11407.2,0,0,0.0,314,0.22,0.1,1,0,1
CL-0024,klinika,2,3,593,16,12406.22,1,162,0.31,285,0.88,0.02,3,0,1
CL-0025,klinika,6,2,695,4,12029.03,1,158,0.91,119,0.19,0.08,6,0,0
CL-0026,klinika,12,2,168,28,5097.06,1,115,0.26,35,0.28,0.13,5,1,0
CL-0027,klinika,14,3,488,5,5845.92,1,142,0.0,15,0.29,0.07,5,0,0
CL-0028,klinika,14,1,589,29,6120.88,1,27,0.68,245,0.62,0.22,1,0,0
CL-0029,szpital,43,5,512,27,731.86,1,179,0.59,48,0.33,0.13,9,0,0
CL-0030,szpital,50,4,337,25,5884.54,1,2,0.67,97,0.66,0.2,3,1,0
CL-0031,klinika,15,1,207,19,12334.21,0,0,0.0,147,0.7,0.22,4,0,0
CL-0032,klinika,8,2,701,30,6097.7,1,5,0.26,340,0.1,0.0,6,0,0
CL-0033,klinika,15,3,445,9,13428.45,1,53,0.89,50,0.6,0.02,6,0,0
CL-0034,klinika,14,3,113,7,11650.07,1,10,0.3,194,0.73,0.07,8,0,0
CL-0035,mobilny,1,1,468,9,3739.36,1,200,0.22,23,0.87,0.25,0,0,0
CL-0036,klinika,6,3,726,30,8558.33,1,197,0.01,357,0.15,0.05,2,0,0
CL-0037,klinika,8,2,522,10,14884.69,1,129,0.54,338,0.77,0.11,4,0,0
CL-0038,szpital,40,8,365,11,14740.07,1,134,0.68,34,0.06,0.02,8,0,0
CL-0039,klinika,15,2,583,30,7203.31,0,0,0.0,67,0.48,0.05,10,0,0
CL-0040,klinika,12,1,334,19,11225.85,1,72,0.31,345,0.19,0.04,2,0,0
CL-0041,klinika,7,3,234,19,11707.5,0,0,0.0,77,0.08,0.03,3,0,0
CL-0042,klinika,8,3,331,8,12537.92,0,0,0.0,345,0.4,0.19,0,1,0
CL-0043,szpital,14,5,463,9,1496.22,1,48,0.61,122,0.34,0.11,8,0,0
CL-0044,klinika,10,2,658,16,7771.04,1,47,0.75,248,0.39,0.1,3,0,0
CL-0045,klinika,14,1,326,4,14884.21,1,93,0.25,135,0.54,0.19,8,0,0
CL-0046,klinika,14,2,646,6,7050.9,0,0,0.0,121,0.32,0.12,8,0,0
CL-0047,klinika,2,2,254,29,10593.49,0,0,0.0,33,0.31,0.12,0,0,0
CL-0048,szpital,15,2,557,30,10582.18,0,0,0.0,182,0.61,0.09,2,0,0
CL-0049,szpital,18,4,375,2,6061.14,0,0,0.0,352,0.85,0.02,0,0,1
CL-0050,mobilny,1,1,274,2,8907.42,1,77,0.19,336,0.58,0.09,9,1,0
CL-0051,szpital,41,4,728,2,8205.12,0,0,0.0,212,0.13,0.02,0,0,1
CL-0052,klinika,4,3,524,27,3259.32,1,130,0.73,105,0.08,0.02,2,0,0
CL-0053,klinika,9,3,222,27,2344.4,0,0,0.0,219,0.57,0.2,2,0,0
CL-0054,mobilny,2,1,171,29,6578.86,1,17,0.68,87,0.12,0.0,10,0,0
CL-0055,klinika,5,2,359,1,12695.46,0,0,0.0,101,0.52,0.13,5,0,0
CL-0056,klinika,10,2,68,18,7666.82,1,164,0.63,219,0.2,0.07,4,1,0
CL-0057,klinika,15,3,268,12,11361.02,1,14,0.29,186,0.27,0.1,10,0,1
CL-0058,mobilny,1,2,220,16,11461.86,1,131,0.48,57,0.51,0.09,8,0,0
CL-0059,klinika,5,1,667,6,3614.42,1,129,0.75,303,0.17,0.01,6,0,1
CL-0060,klinika,10,3,412,13,14749.26,0,0,0.0,71,0.8,0.24,7,0,0
CL-0061,klinika,15,3,103,17,8177.45,1,190,0.83,64,0.87,0.29,6,1,0
CL-0062,klinika,13,3,45,5,7938.75,1,29,0.79,198,0.82,0.06,3,0,1
CL-0063,klinika,6,4,173,7,11313.64,0,0,0.0,243,0.74,0.1,1,0,0
CL-0064,mobilny,2,2,597,23,2954.71,0,0,0.0,222,0.41,0.15,8,0,1
CL-0065,szpital,25,7,63,25,14666.31,1,186,0.46,35,0.68,0.26,1,1,0
CL-0066,mobilny,2,1,660,30,7781.07,1,121,0.03,322,0.67,0.16,7,0,0
CL-0067,klinika,13,2,263,25,10442.49,1,60,0.68,218,0.12,0.06,5,1,0
CL-0068,mobilny,2,2,334,28,6802.2,1,118,0.15,144,0.8,0.11,2,1,0
CL-0069,klinika,6,1,376,27,3399.84,1,192,0.8,13,0.16,0.05,9,0,0
CL-0070,klinika,10,2,621,6,2741.53,1,5,0.63,67,0.14,0.01,0,0,0
CL-0071,mobilny,1,1,206,28,5534.79,1,37,0.48,235,0.87,0.14,6,1,0
CL-0072,mobilny,2,2,720,18,14326.61,0,0,0.0,1,0.27,0.1,6,0,1
CL-0073,szpital,32,2,177,1,14231.61,1,93,0.05,80,0.88,0.15,2,1,0
CL-0074,szpital,23,4,544,5,4587.36,1,87,0.48,264,0.79,0.14,3,1,0
CL-0075,szpital,33,3,606,28,13468.68,1,174,0.41,350,0.31,0.09,4,0,0
CL-0076,szpital,48,6,368,26,12999.66,1,174,0.91,125,0.58,0.09,4,0,0
CL-0077,szpital,33,8,660,23,8178.02,1,186,0.2,246,0.74,0.26,6,0,0
CL-0078,klinika,6,2,65,3,2415.7,0,0,0.0,2,0.17,0.0,6,1,0
CL-0079,mobilny,1,2,462,18,10375.11,0,0,0.0,108,0.52,0.23,6,0,0
CL-0080,klinika,14,2,468,23,4081.8,1,186,0.02,86,0.84,0.29,8,0,0
CL-0081,szpital,19,7,425,14,12245.3,1,9,0.82,81,0.68,0.17,2,1,0
CL-0082,klinika,8,2,270,26,11726.89,0,0,0.0,10,0.66,0.01,7,0,0
CL-0083,klinika,10,2,716,9,13807.59,0,0,0.0,183,0.81,0.05,3,0,1
CL-0084,klinika,13,1,142,14,6741.98,0,0,0.0,114,0.61,0.18,4,0,0
CL-0085,klinika,14,4,298,21,3346.17,1,83,0.69,176,0.5,0.21,3,0,0
CL-0086,klinika,9,2,247,22,5756.49,1,186,0.76,33,0.45,0.02,4,0,0
CL-0087,klinika,4,3,309,11,14937.78,1,177,0.81,139,0.44,0.13,10,0,0
CL-0088,klinika,9,3,583,21,12998.08,1,26,0.82,120,0.26,0.11,8,0,0
CL-0089,klinika,5,1,519,21,14946.91,1,93,0.07,79,0.55,0.05,8,0,0
CL-0090,klinika,3,4,705,5,11849.56,1,6,0.43,291,0.66,0.28,10,0,0
CL-0091,klinika,4,2,25,24,10707.64,1,12,0.91,44,0.69,0.01,6,1,0
CL-0092,klinika,8,3,501,13,2303.63,1,50,0.95,154,0.5,0.18,9,0,0
CL-0093,klinika,6,1,647,29,8854.18,0,0,0.0,243,0.62,0.06,10,0,0
CL-0094,mobilny,2,2,63,2,14763.2,1,12,0.7,165,0.87,0.38,0,0,0
CL-0095,klinika,4,1,427,2,736.32,1,178,0.99,238,0.71,0.02,10,0,0
CL-0096,klinika,4,2,91,28,11475.43,0,0,0.0,292,0.41,0.04,3,0,0
CL-0097,klinika,7,3,702,25,12625.79,0,0,0.0,328,0.66,0.22,1,0,1
CL-0098,klinika,2,3,605,18,11244.88,1,107,0.36,202,0.54,0.14,1,0,0
CL-0099,klinika,9,4,730,26,6327.66,1,129,0.92,129,0.62,0.12,8,0,0
CL-0100,klinika,6,2,562,7,14694.6,1,98,0.54,310,0.84,0.15,9,0,0
CL-0101,mobilny,1,2,28,4,12800.8,1,41,0.34,22,0.25,0.06,9,0,1
CL-0102,klinika,13,2,543,17,5971.21,1,42,0.35,329,0.35,0.02,9,0,0
CL-0103,klinika,3,1,221,4,2061.4,0,0,0.0,129,0.26,0.02,8,0,0
CL-0104,mobilny,1,2,99,13,11126.61,1,28,0.5,27,0.4,0.16,9,0,0
CL-0105,klinika,4,1,701,12,9223.1,0,0,0.0,50,0.21,0.05,7,0,1
CL-0106,klinika,11,1,254,10,11834.69,1,61,0.51,230,0.77,0.16,9,1,0
CL-0107,klinika,10,2,344,27,2492.26,1,28,0.11,37,0.05,0.01,6,0,0
CL-0108,mobilny,1,1,198,6,4806.11,0,0,0.0,317,0.71,0.09,7,0,0
CL-0109,mobilny,2,2,682,16,5798.98,1,172,0.11,225,0.6,0.19,5,0,0
CL-0110,mobilny,2,1,503,5,7084.34,1,165,0.26,291,0.74,0.2,8,0,0
CL-0111,szpital,14,4,186,10,4055.46,1,190,0.4,194,0.65,0.05,6,0,1
CL-0112,mobilny,1,1,567,16,13299.02,0,0,0.0,327,0.78,0.28,9,1,0
CL-0113,klinika,11,2,146,29,10963.46,1,42,0.53,194,0.86,0.3,1,1,0
CL-0114,mobilny,1,1,285,10,8205.79,0,0,0.0,329,0.38,0.06,5,0,1
CL-0115,szpital,41,6,66,26,3697.25,1,124,0.57,326,0.75,0.1,3,1,0
CL-0116,mobilny,1,1,358,20,6838.59,1,190,0.21,22,0.64,0.13,10,0,0
CL-0117,klinika,11,2,439,1,1449.5,1,178,0.21,59,0.1,0.03,5,0,0
CL-0118,klinika,6,1,389,27,13835.18,1,159,0.78,136,0.18,0.01,2,0,0
CL-0119,mobilny,1,1,710,3,8207.01,1,35,0.17,343,0.78,0.3,3,0,0
CL-0120,klinika,6,2,22,7,9125.19,0,0,0.0,132,0.05,0.01,0,0,0
CL-0121,mobilny,2,1,21,4,11430.83,1,78,0.11,98,0.1,0.01,8,0,0
CL-0122,mobilny,1,1,321,7,14167.27,1,186,0.31,335,0.34,0.11,1,0,0
CL-0123,mobilny,2,2,550,25,14712.8,1,55,0.53,71,0.36,0.01,9,0,1
CL-0124,szpital,49,4,368,13,659.83,1,31,0.53,144,0.06,0.02,2,0,0
CL-0125,mobilny,1,2,338,15,7180.07,0,0,0.0,75,0.81,0.01,8,0,1
CL-0126,mobilny,1,1,54,20,14382.31,0,0,0.0,268,0.65,0.04,1,0,1
CL-0127,szpital,19,8,652,21,8236.6,1,51,0.07,224,0.22,0.01,7,1,0
CL-0128,klinika,2,2,494,21,1684.8,1,54,0.95,213,0.86,0.26,4,0,0
CL-0129,klinika,5,4,689,26,5712.99,1,71,0.17,201,0.54,0.01,10,0,0
CL-0130,szpital,16,5,383,17,2750.61,1,198,0.56,169,0.52,0.04,2,0,0
CL-0131,klinika,10,3,477,14,1591.46,1,1,0.21,53,0.23,0.05,3,0,0
CL-0132,klinika,13,3,515,28,13587.0,1,106,0.93,237,0.89,0.06,5,1,0
CL-0133,mobilny,2,1,705,24,6291.23,1,149,0.9,230,0.75,0.06,5,0,0
CL-0134,klinika,2,4,41,2,12027.83,1,181,0.11,274,0.53,0.11,8,0,1
CL-0135,mobilny,1,1,626,9,5508.66,1,135,0.42,353,0.32,0.03,4,0,0
CL-0136,mobilny,2,1,578,20,12204.3,0,0,0.0,129,0.55,0.01,5,0,0
CL-0137,szpital,13,4,370,2,5594.25,1,103,0.68,293,0.86,0.33,10,0,0
CL-0138,klinika,12,2,18,17,13026.78,1,82,0.01,39,0.6,0.07,6,0,0
CL-0139,klinika,9,1,646,21,2764.48,1,51,0.21,33,0.82,0.17,1,1,0
CL-0140,klinika,14,4,559,1,9283.51,1,122,0.02,361,0.74,0.32,8,1,0
CL-0141,klinika,6,3,219,25,4304.48,1,186,0.37,228,0.54,0.18,10,0,0
CL-0142,klinika,8,1,580,30,10120.95,1,193,0.65,231,0.42,0.16,5,0,0
CL-0143,klinika,5,4,618,29,2212.0,1,14,0.23,182,0.61,0.04,1,0,0
CL-0144,klinika,6,4,391,12,624.92,1,177,0.7,84,0.72,0.18,4,0,0
CL-0145,klinika,8,4,614,21,13393.61,1,13,0.56,13,0.11,0.04,5,1,0
CL-0146,szpital,42,8,172,27,12819.77,1,51,0.57,241,0.71,0.13,3,0,0
CL-0147,klinika,9,3,86,3,12758.58,0,0,0.0,144,0.25,0.04,7,0,0
CL-0148,klinika,10,4,294,28,5240.56,1,56,0.96,217,0.29,0.09,0,0,0
CL-0149,klinika,14,4,455,22,1914.62,0,0,0.0,256,0.55,0.22,7,0,0
CL-0150,klinika,6,4,713,22,7414.54,0,0,0.0,12,0.52,0.06,9,0,0
CL-0151,klinika,12,4,418,12,8255.82,1,49,0.38,62,0.44,0.01,4,0,0
CL-0152,szpital,35,5,13,5,10305.92,1,193,0.66,67,0.31,0.01,9,0,0
CL-0153,klinika,2,1,325,9,6998.88,0,0,0.0,241,0.46,0.21,1,0,1
CL-0154,klinika,2,4,615,21,4846.06,1,140,0.0,75,0.28,0.09,4,0,0
CL-0155,klinika,12,4,175,25,14020.98,1,31,0.79,213,0.78,0.06,2,0,0
CL-0156,klinika,5,3,88,15,8257.1,1,33,0.35,121,0.74,0.11,7,0,1
CL-0157,szpital,19,3,355,17,12263.7,0,0,0.0,164,0.75,0.35,5,1,1
CL-0158,klinika,2,4,561,27,6235.45,1,80,0.71,353,0.44,0.05,1,1,0
CL-0159,mobilny,2,1,584,14,5287.83,1,170,0.72,15,0.89,0.4,2,1,0
CL-0160,klinika,11,3,288,13,12243.0,1,31,0.12,10,0.68,0.24,7,0,0
CL-0161,szpital,28,4,13,15,10606.43,1,180,0.88,151,0.07,0.01,5,0,0
CL-0162,szpital,23,5,542,29,13051.56,1,86,0.2,331,0.38,0.03,8,0,0
CL-0163,klinika,15,3,727,15,3525.91,1,130,0.6,217,0.7,0.23,6,1,0
CL-0164,klinika,8,1,664,19,8318.03,1,115,0.13,29,0.39,0.15,7,0,0
CL-0165,mobilny,1,2,58,24,10676.89,1,35,0.06,36,0.56,0.06,1,0,0
CL-0166,klinika,8,1,125,20,8466.29,1,129,0.64,327,0.68,0.21,10,0,0
CL-0167,mobilny,1,2,728,4,4747.57,1,125,0.45,229,0.26,0.04,10,0,1
CL-0168,szpital,15,8,627,20,7568.82,1,126,0.31,38,0.08,0.04,3,0,0
CL-0169,szpital,27,7,530,7,7979.67,1,155,0.27,16,0.59,0.22,7,0,0
CL-0170,klinika,2,2,159,25,4338.38,1,185,0.21,42,0.9,0.2,4,0,0
CL-0171,klinika,6,4,373,10,5265.18,1,130,0.7,360,0.39,0.11,8,0,0
CL-0172,klinika,15,4,402,15,14582.91,1,109,0.84,50,0.61,0.06,9,0,0
CL-0173,klinika,3,2,413,18,9549.24,1,118,0.17,285,0.51,0.07,9,0,0
CL-0174,mobilny,2,1,515,10,11009.59,1,10,0.9,329,0.14,0.02,10,0,0
CL-0175,klinika,14,2,13,9,3850.3,0,0,0.0,329,0.24,0.03,4,0,1
CL-0176,szpital,40,6,605,24,14115.93,1,71,0.51,259,0.42,0.12,2,0,0
CL-0177,mobilny,1,1,117,16,2640.64,0,0,0.0,253,0.44,0.1,2,1,0
CL-0178,klinika,4,3,311,25,5227.71,1,5,0.12,95,0.49,0.19,6,0,0
CL-0179,klinika,12,1,205,21,11135.47,1,34,0.72,194,0.6,0.19,2,0,0
CL-0180,klinika,15,2,198,8,13446.37,1,159,0.86,218,0.08,0.0,5,0,0
CL-0181,szpital,36,2,439,20,11459.39,0,0,0.0,88,0.83,0.19,7,0,0
CL-0182,klinika,11,4,709,2,1426.1,1,71,0.63,135,0.15,0.06,1,0,0
CL-0183,klinika,2,3,56,9,4740.69,1,99,0.0,17,0.2,0.05,6,1,0
CL-0184,klinika,14,3,381,29,1332.32,1,70,0.88,153,0.53,0.25,4,0,0
CL-0185,klinika,7,4,650,26,11580.21,0,0,0.0,293,0.48,0.14,7,0,0
CL-0186,klinika,5,1,632,16,8525.64,1,103,0.75,81,0.64,0.21,8,0,1
CL-0187,klinika,4,2,476,10,5411.61,1,127,0.92,239,0.32,0.13,1,1,0
CL-0188,klinika,7,2,635,1,9588.48,0,0,0.0,79,0.42,0.12,3,0,1
CL-0189,mobilny,2,1,260,22,3353.96,0,0,0.0,43,0.14,0.04,3,0,0
CL-0190,klinika,10,4,315,20,4958.45,0,0,0.0,246,0.09,0.04,2,0,1
CL-0191,klinika,3,3,513,17,12224.37,0,0,0.0,314,0.44,0.08,8,0,1
CL-0192,klinika,9,4,610,17,8311.0,1,33,0.19,215,0.33,0.14,2,0,0
CL-0193,klinika,4,3,272,30,6600.15,0,0,0.0,236,0.63,0.28,7,0,0
CL-0194,mobilny,2,2,646,27,6470.45,0,0,0.0,278,0.53,0.2,10,0,0
CL-0195,klinika,7,1,415,10,814.91,1,62,0.55,195,0.63,0.2,0,0,1
CL-0196,klinika,5,3,33,15,3693.75,1,105,0.51,324,0.09,0.03,2,0,1
CL-0197,klinika,7,2,374,14,12763.12,1,32,0.11,85,0.18,0.08,9,0,0
CL-0198,klinika,15,3,92,17,4269.17,1,200,0.57,357,0.62,0.09,4,0,0
CL-0199,mobilny,2,1,488,26,1939.3,0,0,0.0,177,0.18,0.04,0,0,0
CL-0200,mobilny,2,2,136,1,4342.06,1,108,0.6,5,0.07,0.02,4,0,0
CL-0201,klinika,7,2,545,16,10284.86,1,159,0.33,238,0.57,0.1,4,0,0
CL-0202,klinika,14,4,54,28,4392.05,1,106,0.95,135,0.71,0.02,7,1,0
CL-0203,klinika,14,4,356,14,10159.06,1,175,0.36,191,0.66,0.15,10,1,0
CL-0204,mobilny,2,1,345,3,3454.26,1,181,0.3,238,0.49,0.07,9,1,0
CL-0205,mobilny,2,2,286,3,12156.32,1,30,0.45,130,0.81,0.09,6,0,0
CL-0206,mobilny,1,1,357,2,9343.1,1,33,0.04,13,0.52,0.07,1,0,0
CL-0207,klinika,3,1,467,3,9937.38,1,199,0.23,244,0.85,0.21,3,0,1
CL-0208,szpital,37,5,551,21,5032.54,1,43,0.16,320,0.12,0.0,8,0,1
CL-0209,klinika,9,3,119,14,13339.73,1,137,0.23,216,0.22,0.01,2,0,0
CL-0210,klinika,8,3,532,30,14686.72,1,183,0.11,289,0.61,0.1,8,0,1
CL-0211,klinika,4,2,453,1,4866.28,0,0,0.0,308,0.06,0.03,3,0,1
CL-0212,szpital,34,2,48,16,7300.56,0,0,0.0,209,0.07,0.02,1,1,0
CL-0213,klinika,15,3,335,1,5169.32,0,0,0.0,264,0.88,0.41,4,0,0
CL-0214,mobilny,1,2,347,1,7568.92,1,173,0.56,90,0.34,0.06,8,0,0
CL-0215,klinika,2,2,729,14,3051.93,0,0,0.0,278,0.87,0.24,0,0,0
CL-0216,mobilny,1,1,21,28,11679.48,0,0,0.0,56,0.45,0.07,10,1,0
CL-0217,klinika,7,1,388,23,14226.83,0,0,0.0,309,0.05,0.01,7,0,0
CL-0218,szpital,38,3,522,14,6841.56,0,0,0.0,283,0.1,0.01,9,0,1
CL-0219,mobilny,1,2,103,24,10133.49,1,163,0.94,177,0.48,0.21,5,0,0
CL-0220,mobilny,1,1,718,4,12863.93,1,172,0.58,177,0.42,0.13,9,1,0
CL-0221,klinika,6,1,633,5,13665.41,1,126,0.27,201,0.47,0.01,3,0,0
CL-0222,szpital,26,6,319,19,5179.82,1,118,0.26,62,0.44,0.22,10,0,1
CL-0223,szpital,42,7,418,22,14679.19,0,0,0.0,223,0.64,0.26,4,0,1
CL-0224,mobilny,2,2,234,1,7070.94,1,122,0.26,28,0.41,0.01,2,0,0
CL-0225,szpital,15,3,605,17,11553.96,0,0,0.0,347,0.38,0.18,8,1,1
CL-0226,klinika,10,3,108,7,2633.7,1,191,0.58,267,0.8,0.14,6,1,0
CL-0227,szpital,33,2,488,12,5805.78,0,0,0.0,358,0.81,0.13,8,0,1
CL-0228,szpital,47,4,254,7,1373.49,1,175,0.19,332,0.63,0.15,10,0,1
CL-0229,mobilny,1,2,546,15,14305.89,0,0,0.0,298,0.76,0.33,9,1,0
CL-0230,klinika,3,2,358,12,1865.71,1,32,0.56,234,0.82,0.04,4,0,0
CL-0231,szpital,35,6,83,22,555.97,1,72,0.03,323,0.23,0.02,6,0,0
CL-0232,klinika,11,3,456,23,2092.08,1,117,0.2,267,0.12,0.05,9,0,0
CL-0233,klinika,12,2,693,1,2264.71,1,83,0.52,85,0.41,0.1,9,0,0
CL-0234,klinika,9,4,697,9,14490.37,0,0,0.0,174,0.82,0.15,1,0,0
CL-0235,klinika,4,2,257,20,7358.39,1,142,0.53,215,0.41,0.02,10,1,0
CL-0236,klinika,12,4,104,17,1605.29,1,91,0.51,68,0.29,0.05,8,0,0
CL-0237,mobilny,2,2,154,29,12891.03,1,81,0.71,76,0.5,0.17,1,1,0
CL-0238,klinika,13,2,469,24,8673.58,1,38,0.84,353,0.37,0.06,2,0,0
CL-0239,mobilny,2,1,216,6,8318.03,0,0,0.0,165,0.85,0.28,10,0,1
CL-0240,klinika,4,3,489,18,10507.79,1,92,0.42,14,0.73,0.09,0,0,0
CL-0241,szpital,41,5,542,30,3986.65,0,0,0.0,359,0.29,0.1,7,0,1
CL-0242,mobilny,1,1,635,30,3412.14,1,64,0.76,248,0.41,0.02,3,0,1
CL-0243,szpital,36,3,492,14,11869.57,1,105,0.37,43,0.26,0.1,5,0,0
CL-0244,klinika,10,3,597,30,589.37,0,0,0.0,6,0.72,0.13,5,0,0
CL-0245,szpital,41,4,314,2,13688.77,1,140,0.35,271,0.7,0.26,8,1,0
CL-0246,klinika,15,1,503,17,4385.47,0,0,0.0,78,0.16,0.03,10,0,0
CL-0247,mobilny,1,1,615,21,3590.38,1,11,0.95,83,0.81,0.17,2,0,0
CL-0248,klinika,2,3,341,21,12416.5,0,0,0.0,104,0.63,0.11,6,0,1
CL-0249,klinika,7,1,69,12,1508.53,0,0,0.0,181,0.44,0.21,6,0,1
CL-0250,klinika,3,1,628,30,4635.41,1,144,0.94,236,0.14,0.07,8,0,0
CL-0251,klinika,6,1,38,26,3643.98,1,185,0.87,127,0.63,0.19,4,0,0
CL-0252,szpital,35,7,181,17,3711.56,1,58,0.82,170,0.5,0.07,7,0,0
CL-0253,klinika,9,2,382,11,10984.43,1,178,0.98,250,0.77,0.09,4,0,0
CL-0254,klinika,3,3,172,6,5822.54,1,165,0.44,32,0.83,0.41,6,0,0
CL-0255,klinika,15,2,693,26,5852.94,1,13,0.1,116,0.37,0.0,2,0,0
CL-0256,klinika,15,2,362,16,11749.1,1,96,0.12,40,0.88,0.0,7,1,1
CL-0257,klinika,8,2,415,23,1033.19,1,89,0.88,116,0.27,0.05,5,0,0
CL-0258,klinika,8,3,445,6,11511.69,1,5,0.47,116,0.36,0.11,3,0,1
CL-0259,mobilny,1,2,235,27,3364.23,1,179,0.83,351,0.84,0.14,1,0,0
CL-0260,klinika,11,4,303,21,5639.66,0,0,0.0,175,0.67,0.04,4,1,0
CL-0261,szpital,10,7,598,12,14050.04,0,0,0.0,174,0.78,0.3,4,0,1
CL-0262,klinika,4,3,120,28,4084.27,1,161,0.03,96,0.22,0.06,9,1,0
CL-0263,klinika,4,3,155,10,10883.56,1,36,0.82,289,0.07,0.02,9,0,0
CL-0264,klinika,9,3,13,30,2511.37,1,59,0.4,57,0.77,0.27,9,0,0
CL-0265,szpital,30,7,452,29,14126.5,0,0,0.0,333,0.74,0.22,8,0,0
CL-0266,szpital,15,2,490,29,5860.5,0,0,0.0,341,0.77,0.32,4,0,1
CL-0267,klinika,15,2,626,10,6817.54,1,159,0.94,66,0.47,0.2,1,0,0
CL-0268,mobilny,1,1,178,20,11167.31,1,158,0.05,253,0.39,0.19,3,0,0
CL-0269,klinika,8,1,279,2,14940.75,0,0,0.0,15,0.66,0.24,0,0,0
CL-0270,klinika,11,4,403,1,2708.19,0,0,0.0,183,0.78,0.36,6,0,1
CL-0271,klinika,4,3,388,3,10840.15,1,22,0.04,133,0.15,0.03,3,0,0
CL-0272,klinika,4,1,239,14,12029.81,0,0,0.0,319,0.3,0.14,5,0,0
CL-0273,klinika,15,3,29,3,8196.75,0,0,0.0,20,0.42,0.15,3,1,0
CL-0274,mobilny,1,1,488,26,3457.17,1,199,0.49,47,0.35,0.17,4,0,0
CL-0275,klinika,7,1,130,26,5641.88,1,72,0.63,267,0.77,0.09,3,1,0
CL-0276,szpital,27,7,189,10,14461.84,0,0,0.0,136,0.88,0.41,5,0,1
CL-0277,mobilny,2,1,7,4,3231.95,1,67,0.29,363,0.61,0.18,4,0,0
CL-0278,klinika,10,1,208,2,7202.77,1,108,0.93,148,0.33,0.07,8,0,0
CL-0279,mobilny,2,2,566,7,2381.96,0,0,0.0,31,0.26,0.12,5,0,0
CL-0280,klinika,4,4,525,20,9092.29,0,0,0.0,352,0.58,0.01,9,1,0
CL-0281,klinika,12,3,25,21,3810.08,1,47,0.59,35,0.07,0.03,8,0,0
CL-0282,klinika,9,2,441,25,2298.94,0,0,0.0,12,0.43,0.04,8,0,1
CL-0283,mobilny,1,1,457,12,8208.36,1,117,0.2,328,0.14,0.03,1,1,0
CL-0284,mobilny,1,1,637,22,4610.56,0,0,0.0,13,0.21,0.04,5,0,1
CL-0285,klinika,14,2,728,7,1633.75,1,192,0.08,348,0.64,0.02,2,0,0
CL-0286,klinika,8,2,406,19,4895.46,0,0,0.0,45,0.85,0.23,5,0,0
CL-0287,szpital,41,6,161,16,1186.25,1,178,0.33,188,0.84,0.28,1,0,0
CL-0288,szpital,31,8,623,3,9223.77,0,0,0.0,61,0.45,0.11,3,1,0
CL-0289,klinika,14,2,396,28,5057.02,0,0,0.0,2,0.51,0.03,0,0,0
CL-0290,mobilny,1,2,579,7,4981.76,1,123,0.64,280,0.12,0.0,1,0,1
CL-0291,klinika,8,2,257,10,13319.97,0,0,0.0,58,0.15,0.01,2,1,1
CL-0292,klinika,4,2,668,17,6989.58,0,0,0.0,338,0.89,0.09,6,0,1
CL-0293,szpital,31,3,290,30,13187.98,1,138,0.56,221,0.45,0.04,4,0,0
CL-0294,klinika,3,3,526,18,1946.12,1,72,0.71,225,0.17,0.07,2,0,0
CL-0295,mobilny,1,2,295,17,3882.92,1,67,0.44,337,0.5,0.04,8,1,0
CL-0296,klinika,13,1,632,30,7868.11,1,172,0.94,260,0.16,0.08,0,0,0
CL-0297,klinika,15,1,351,25,7193.28,1,198,0.32,188,0.08,0.04,3,0,1
CL-0298,mobilny,2,2,443,5,9422.49,0,0,0.0,88,0.39,0.1,6,0,0
CL-0299,szpital,19,2,626,1,4386.88,0,0,0.0,177,0.38,0.05,7,1,0
CL-0300,szpital,43,5,236,9,10739.86,1,178,0.82,140,0.19,0.09,1,0,0
CL-0301,mobilny,2,1,95,19,10225.76,1,158,0.55,119,0.26,0.03,5,0,0
CL-0302,mobilny,1,1,16,26,9392.6,0,0,0.0,150,0.78,0.3,7,0,1
CL-0303,szpital,31,7,624,30,7624.82,0,0,0.0,36,0.78,0.36,9,0,0
CL-0304,mobilny,2,2,619,28,11167.35,1,20,0.87,51,0.24,0.05,7,0,0
CL-0305,klinika,15,1,460,25,5543.98,1,38,0.35,1,0.5,0.12,10,0,0
CL-0306,szpital,18,2,420,10,5797.01,0,0,0.0,107,0.25,0.05,5,0,1
CL-0307,mobilny,2,2,516,17,9401.86,1,1,0.5,102,0.16,0.04,1,0,0
CL-0308,klinika,15,3,201,19,10007.65,1,57,0.06,113,0.17,0.03,1,0,0
CL-0309,szpital,14,8,344,4,1253.44,0,0,0.0,24,0.75,0.12,2,0,0
CL-0310,klinika,3,1,81,13,10730.78,1,172,0.41,329,0.43,0.11,0,1,0
CL-0311,klinika,4,2,355,27,4909.5,1,114,0.5,117,0.25,0.06,6,0,0
CL-0312,mobilny,2,2,657,3,11855.63,1,90,0.35,255,0.49,0.04,5,0,0
CL-0313,szpital,37,6,655,21,7587.82,1,181,0.72,193,0.46,0.1,7,0,1
CL-0314,klinika,5,4,204,6,11337.79,1,145,0.75,260,0.16,0.06,5,0,0
CL-0315,mobilny,2,2,601,8,14745.93,0,0,0.0,133,0.21,0.08,0,0,0
CL-0316,klinika,11,3,314,30,12558.21,1,2,0.51,321,0.67,0.21,0,0,1
CL-0317,klinika,14,1,165,22,14362.79,1,61,0.46,340,0.35,0.06,8,1,0
CL-0318,klinika,10,4,15,29,2983.08,1,171,0.43,308,0.82,0.27,3,0,0
CL-0319,mobilny,2,1,266,6,8863.69,1,81,0.48,96,0.06,0.01,8,0,0
CL-0320,klinika,13,3,531,2,11590.69,0,0,0.0,310,0.07,0.02,6,1,0
CL-0321,klinika,5,4,640,11,11623.43,1,40,0.43,152,0.72,0.23,10,1,0
CL-0322,mobilny,1,2,409,24,2756.63,0,0,0.0,62,0.72,0.08,3,0,1
CL-0323,szpital,25,2,500,8,7602.69,0,0,0.0,52,0.34,0.01,4,0,1
CL-0324,mobilny,1,1,647,28,14076.66,1,48,0.39,197,0.87,0.26,7,1,0
CL-0325,klinika,14,4,68,16,10303.33,1,10,0.87,69,0.4,0.02,4,0,0
CL-0326,klinika,2,4,618,19,6656.16,1,120,0.59,142,0.36,0.12,8,1,0
CL-0327,klinika,5,1,710,12,2270.94,0,0,0.0,177,0.57,0.08,5,0,1
CL-0328,mobilny,1,1,402,24,1723.41,1,38,0.17,56,0.77,0.38,6,0,0
CL-0329,klinika,2,1,586,2,12204.57,0,0,0.0,305,0.24,0.12,6,0,1
CL-0330,mobilny,2,1,476,5,5174.89,0,0,0.0,325,0.11,0.03,3,0,0
CL-0331,szpital,14,3,611,10,3974.64,0,0,0.0,320,0.56,0.08,0,0,0
CL-0332,mobilny,2,1,97,17,8150.21,1,94,0.34,273,0.51,0.09,2,1,0
CL-0333,klinika,8,3,462,4,12802.01,0,0,0.0,67,0.41,0.18,0,0,0
CL-0334,mobilny,2,1,27,23,2099.49,1,150,0.35,39,0.8,0.07,6,1,0
CL-0335,szpital,48,3,199,26,5511.89,0,0,0.0,106,0.57,0.13,10,0,0
CL-0336,klinika,4,4,375,28,12906.69,1,45,0.82,10,0.26,0.07,10,0,0
CL-0337,mobilny,2,2,130,20,3741.0,1,20,0.77,241,0.59,0.09,5,0,0
CL-0338,klinika,12,4,235,10,13334.05,0,0,0.0,69,0.64,0.13,5,0,1
CL-0339,szpital,27,8,202,3,4564.34,1,181,0.18,144,0.15,0.06,4,0,0
CL-0340,szpital,31,4,338,7,2486.57,1,191,0.91,164,0.55,0.07,9,0,0
CL-0341,klinika,2,4,253,3,1809.33,1,54,0.52,191,0.6,0.21,7,1,0
CL-0342,mobilny,1,2,226,23,6616.79,1,84,0.61,130,0.47,0.1,0,0,0
CL-0343,mobilny,1,1,683,10,6368.32,0,0,0.0,179,0.55,0.1,9,0,1
CL-0344,klinika,13,1,631,13,5981.28,1,40,0.56,83,0.7,0.04,3,0,0
CL-0345,klinika,11,2,107,3,6126.52,1,33,0.14,35,0.71,0.29,10,1,0
CL-0346,klinika,4,1,532,20,1201.27,1,44,0.43,358,0.28,0.1,2,0,0
CL-0347,szpital,50,8,262,17,9390.17,1,87,0.75,236,0.7,0.34,10,1,0
CL-0348,klinika,5,2,260,16,12965.15,0,0,0.0,74,0.25,0.08,9,0,1
CL-0349,klinika,15,2,509,30,5849.88,0,0,0.0,267,0.11,0.03,0,1,1
CL-0350,klinika,12,4,718,26,10244.15,1,186,0.26,279,0.33,0.12,10,0,1
CL-0351,klinika,10,1,649,4,5531.28,1,136,0.48,128,0.14,0.06,6,0,0
CL-0352,klinika,12,4,509,29,10686.44,0,0,0.0,349,0.25,0.08,6,0,0
CL-0353,klinika,11,2,231,25,10900.17,0,0,0.0,101,0.8,0.37,3,0,0
CL-0354,klinika,6,4,348,27,11451.78,0,0,0.0,240,0.9,0.03,3,0,0
CL-0355,klinika,4,1,656,14,4615.76,0,0,0.0,324,0.1,0.01,4,0,1
CL-0356,mobilny,2,1,525,22,14351.59,1,167,0.67,7,0.67,0.18,1,0,0
CL-0357,klinika,15,3,607,16,2197.84,1,40,0.52,14,0.42,0.07,7,0,0
CL-0358,klinika,14,1,405,20,3726.01,1,124,0.56,34,0.06,0.0,7,0,0
CL-0359,klinika,4,3,418,22,13732.99,1,157,0.38,360,0.85,0.39,6,0,0
CL-0360,klinika,15,3,152,28,10424.37,1,12,0.21,331,0.55,0.21,6,0,1
CL-0361,szpital,24,5,591,8,7615.76,1,104,0.36,330,0.11,0.0,1,0,1
CL-0362,mobilny,2,2,398,10,12403.2,1,170,0.46,279,0.56,0.13,4,0,0
CL-0363,szpital,11,2,590,16,7539.39,1,40,0.25,180,0.42,0.07,10,0,0
CL-0364,mobilny,2,1,337,29,6621.02,1,146,0.85,18,0.39,0.15,8,0,1
CL-0365,mobilny,1,2,51,27,2894.06,0,0,0.0,228,0.13,0.05,6,0,1
CL-0366,klinika,11,3,273,2,3617.83,1,103,0.87,149,0.06,0.02,5,0,0
CL-0367,klinika,9,2,427,18,12082.36,1,194,0.09,148,0.06,0.02,5,0,0
CL-0368,klinika,3,1,183,1,7023.33,1,15,0.4,36,0.43,0.19,3,0,0
CL-0369,klinika,11,2,388,17,7639.73,0,0,0.0,177,0.75,0.34,0,0,0
CL-0370,mobilny,1,2,90,30,2928.56,0,0,0.0,155,0.86,0.2,3,0,1
CL-0371,klinika,15,3,585,3,10410.6,1,59,0.16,196,0.08,0.04,4,1,0
CL-0372,mobilny,1,2,330,12,6701.41,1,31,0.55,313,0.38,0.09,3,0,0
CL-0373,klinika,14,4,462,23,4391.42,1,102,0.51,156,0.77,0.21,9,0,0
CL-0374,mobilny,2,1,38,14,4139.86,1,123,0.05,118,0.41,0.01,9,0,0
CL-0375,szpital,26,5,272,15,8250.54,1,9,0.54,74,0.69,0.28,5,0,0
CL-0376,klinika,8,2,293,9,5061.05,1,75,0.83,225,0.06,0.03,5,0,0
CL-0377,klinika,9,4,396,23,2979.42,1,42,0.91,297,0.49,0.21,2,0,0
CL-0378,klinika,2,1,352,18,8731.95,1,47,0.48,271,0.07,0.02,5,0,0
CL-0379,szpital,46,7,571,16,12954.18,1,47,0.23,273,0.42,0.01,8,1,0
CL-0380,mobilny,1,1,270,1,12779.81,0,0,0.0,36,0.88,0.02,6,0,1
CL-0381,klinika,15,3,304,4,2620.33,0,0,0.0,246,0.54,0.18,3,0,0
CL-0382,klinika,13,3,660,22,4470.57,1,173,0.42,221,0.26,0.03,0,0,0
CL-0383,klinika,10,3,108,19,5742.04,0,0,0.0,64,0.19,0.05,2,1,0
CL-0384,szpital,24,7,184,30,6837.94,1,117,0.82,318,0.64,0.01,4,0,0
CL-0385,szpital,21,8,546,30,868.18,1,45,0.22,220,0.88,0.12,8,0,0
CL-0386,szpital,49,2,152,16,3883.89,1,192,0.11,342,0.31,0.02,1,1,0
CL-0387,mobilny,1,2,81,13,9662.11,0,0,0.0,182,0.78,0.22,7,0,0
CL-0388,klinika,10,3,632,15,10712.72,1,186,0.87,283,0.21,0.01,2,0,0
CL-0389,klinika,12,3,532,23,11471.04,1,113,0.49,15,0.26,0.06,8,0,0
CL-0390,klinika,3,1,522,23,3762.35,1,165,0.45,202,0.41,0.19,8,1,0
CL-0391,klinika,3,3,418,14,7836.92,1,148,0.44,18,0.13,0.02,6,0,0
CL-0392,klinika,3,1,234,23,8842.4,0,0,0.0,280,0.61,0.28,1,0,1
CL-0393,klinika,9,1,683,15,6282.54,1,179,0.23,353,0.47,0.09,6,0,0
CL-0394,klinika,4,1,648,3,8824.39,0,0,0.0,187,0.29,0.11,1,0,1
CL-0395,szpital,45,3,431,23,7644.1,1,117,0.12,11,0.25,0.11,2,0,0
CL-0396,klinika,9,1,81,8,6197.01,1,160,0.49,109,0.8,0.24,0,1,0
CL-0397,klinika,15,2,179,9,13085.61,0,0,0.0,335,0.58,0.17,8,0,1
CL-0398,szpital,17,6,166,25,502.95,1,147,0.22,139,0.84,0.19,9,0,1
CL-0399,klinika,10,3,382,15,11419.65,1,12,0.79,30,0.76,0.27,7,0,0
CL-0400,klinika,12,3,663,16,925.01,1,161,0.92,321,0.47,0.05,5,0,0
CL-0401,klinika,10,1,162,25,13592.72,0,0,0.0,334,0.8,0.38,7,0,0
CL-0402,szpital,30,8,550,11,12819.83,1,17,0.33,110,0.51,0.25,5,1,0
CL-0403,klinika,15,2,728,22,4993.39,1,87,0.48,291,0.05,0.02,7,0,0
CL-0404,szpital,36,5,363,23,7531.42,0,0,0.0,17,0.28,0.07,9,0,1
CL-0405,szpital,24,6,503,18,13632.45,1,163,0.27,208,0.57,0.24,9,1,0
CL-0406,szpital,49,3,450,30,6275.89,1,50,0.12,231,0.89,0.31,8,0,0
CL-0407,klinika,8,2,292,20,13995.07,1,180,0.14,27,0.41,0.07,4,0,0
CL-0408,klinika,9,3,183,23,3418.73,0,0,0.0,42,0.45,0.11,7,1,0
CL-0409,klinika,12,4,400,14,11162.6,0,0,0.0,318,0.23,0.04,8,0,0
CL-0410,klinika,12,3,714,15,14832.1,0,0,0.0,275,0.72,0.35,2,0,1
CL-0411,mobilny,1,2,131,1,12552.73,1,97,0.5,91,0.09,0.04,6,0,0
CL-0412,klinika,11,3,532,13,12467.65,1,68,0.08,203,0.8,0.25,8,0,0
CL-0413,klinika,11,1,83,27,12936.57,0,0,0.0,241,0.44,0.13,3,0,0
CL-0414,klinika,3,3,624,9,6278.15,0,0,0.0,285,0.67,0.2,0,0,1
CL-0415,klinika,3,4,497,26,3263.68,1,118,0.22,154,0.59,0.19,4,0,0
CL-0416,klinika,8,4,435,6,13056.77,0,0,0.0,11,0.36,0.15,3,0,1
CL-0417,klinika,3,4,338,8,8828.93,1,73,0.54,16,0.81,0.34,5,0,0
CL-0418,mobilny,1,1,314,2,13972.05,1,43,0.4,124,0.48,0.19,3,0,0
CL-0419,klinika,4,1,704,21,8504.98,0,0,0.0,242,0.72,0.09,6,0,1
CL-0420,szpital,43,7,54,29,5235.61,0,0,0.0,152,0.77,0.06,7,1,0
CL-0421,szpital,14,7,578,2,2016.41,1,122,0.99,56,0.35,0.07,5,0,0
CL-0422,mobilny,1,1,76,11,8478.27,0,0,0.0,144,0.38,0.05,2,0,1
CL-0423,mobilny,2,2,264,15,14688.16,0,0,0.0,79,0.37,0.04,1,0,0
CL-0424,klinika,8,3,136,4,4600.73,1,119,0.94,322,0.43,0.2,6,0,1
CL-0425,klinika,11,4,28,18,2430.95,1,57,0.68,359,0.53,0.14,8,0,0
CL-0426,klinika,8,1,476,15,13274.47,1,199,0.75,308,0.3,0.13,9,0,1
CL-0427,szpital,23,3,456,29,3074.51,0,0,0.0,189,0.68,0.3,7,0,0
CL-0428,klinika,12,4,396,8,5832.36,1,0,0.98,144,0.12,0.03,10,1,0
CL-0429,mobilny,1,2,141,2,11098.01,1,37,0.06,263,0.05,0.02,6,0,0
CL-0430,klinika,14,3,686,23,6934.31,0,0,0.0,166,0.18,0.07,4,0,1
CL-0431,klinika,11,4,486,2,882.08,0,0,0.0,228,0.09,0.02,2,0,1
CL-0432,szpital,49,6,51,21,12795.0,1,168,0.71,235,0.58,0.23,1,0,0
CL-0433,szpital,32,8,22,2,10395.73,1,172,0.85,120,0.66,0.15,6,0,0
CL-0434,klinika,5,1,355,23,10687.77,0,0,0.0,295,0.47,0.06,5,0,1
CL-0435,klinika,12,3,467,2,13390.91,0,0,0.0,335,0.28,0.09,6,0,1
CL-0436,klinika,9,1,21,27,3765.13,1,127,0.05,160,0.8,0.06,7,0,1
CL-0437,mobilny,1,2,329,18,9481.89,1,49,0.94,75,0.24,0.08,8,0,0
CL-0438,mobilny,1,1,143,9,2072.26,0,0,0.0,329,0.79,0.17,0,0,0
CL-0439,klinika,5,2,61,7,4643.91,1,87,0.06,126,0.23,0.03,7,0,0
CL-0440,klinika,9,3,212,8,1859.1,1,77,0.85,137,0.58,0.2,3,0,0
CL-0441,klinika,13,2,625,9,13698.64,1,163,0.6,361,0.33,0.05,7,1,0
CL-0442,klinika,9,4,239,20,7401.0,0,0,0.0,127,0.14,0.06,6,0,0
CL-0443,klinika,11,2,49,17,5533.94,1,161,0.03,46,0.65,0.09,9,0,0
CL-0444,klinika,13,4,220,28,2316.81,1,90,0.36,187,0.76,0.21,7,0,1
CL-0445,klinika,5,4,300,20,13345.18,1,136,0.55,176,0.7,0.15,3,0,0
CL-0446,mobilny,2,1,169,2,738.98,1,169,0.37,206,0.69,0.15,2,1,0
CL-0447,klinika,11,3,412,30,11243.44,1,123,0.8,137,0.27,0.13,6,0,0
CL-0448,mobilny,1,1,439,1,12766.71,0,0,0.0,345,0.53,0.11,6,0,1
CL-0449,mobilny,2,1,252,24,8301.96,1,156,0.33,365,0.25,0.03,7,0,1
CL-0450,szpital,50,3,410,18,1601.89,1,44,0.41,261,0.38,0.15,7,0,0
CL-0451,klinika,12,1,391,17,9903.24,1,170,0.0,194,0.45,0.07,6,0,0
CL-0452,szpital,26,4,452,29,4514.53,1,128,0.87,44,0.4,0.17,1,0,0
CL-0453,klinika,12,2,45,1,3123.58,1,89,0.52,101,0.54,0.1,2,1,0
CL-0454,klinika,2,4,690,14,12856.04,1,51,0.43,214,0.29,0.01,1,0,1
CL-0455,klinika,2,2,15,2,7471.47,0,0,0.0,270,0.35,0.04,0,0,1
CL-0456,klinika,12,2,229,6,14063.22,0,0,0.0,165,0.78,0.06,7,0,1
CL-0457,klinika,10,3,259,23,9514.51,0,0,0.0,330,0.28,0.07,7,0,0
CL-0458,szpital,50,3,395,22,14971.56,0,0,0.0,15,0.58,0.13,2,0,0
CL-0459,klinika,7,2,366,29,5345.66,1,10,0.84,330,0.48,0.09,10,0,0
CL-0460,szpital,27,5,293,17,10236.39,1,116,0.48,276,0.79,0.12,10,0,0
CL-0461,klinika,9,2,705,3,10479.42,1,119,0.84,302,0.12,0.02,2,0,0
CL-0462,klinika,4,4,663,14,12636.76,1,141,0.82,364,0.78,0.33,8,0,0
CL-0463,klinika,4,3,678,8,13536.97,1,76,0.03,277,0.85,0.1,4,1,0
CL-0464,klinika,14,2,344,28,1012.38,0,0,0.0,201,0.52,0.15,9,0,0
CL-0465,mobilny,1,1,465,14,9617.92,1,169,0.71,278,0.06,0.01,3,1,0
CL-0466,klinika,7,1,675,7,1665.32,1,27,0.99,363,0.48,0.05,4,0,0
CL-0467,klinika,12,3,138,24,13697.28,1,173,0.32,40,0.41,0.11,5,1,0
CL-0468,mobilny,1,2,477,30,7900.77,0,0,0.0,142,0.39,0.17,0,0,1
CL-0469,klinika,13,3,562,16,8532.13,1,8,0.94,271,0.6,0.22,0,0,0
CL-0470,klinika,14,2,72,30,13543.18,1,194,0.49,38,0.76,0.01,4,0,0
CL-0471,szpital,20,6,680,29,1038.76,1,105,0.91,321,0.86,0.4,0,0,0
CL-0472,klinika,8,4,92,9,8493.38,1,148,0.62,242,0.08,0.02,6,1,0
CL-0473,klinika,4,3,272,19,10535.54,1,0,0.04,222,0.67,0.12,7,0,1
CL-0474,mobilny,1,1,476,16,2838.75,1,127,0.38,292,0.11,0.05,2,0,0
CL-0475,mobilny,1,1,124,1,14981.79,1,39,0.18,223,0.25,0.01,10,1,0
CL-0476,klinika,14,1,519,11,2111.13,1,122,0.77,180,0.74,0.07,0,0,0
CL-0477,klinika,10,3,522,18,3992.72,1,92,0.19,260,0.85,0.15,0,0,0
CL-0478,szpital,37,8,552,3,9348.35,1,124,0.96,9,0.57,0.25,0,1,0
CL-0479,klinika,2,2,395,29,14270.86,1,189,0.16,110,0.11,0.05,3,1,0
CL-0480,mobilny,2,2,726,5,11640.32,0,0,0.0,43,0.22,0.02,3,0,1
CL-0481,klinika,7,3,201,6,3721.3,1,5,0.96,200,0.72,0.2,6,0,1
CL-0482,mobilny,1,1,447,5,10755.46,1,157,0.23,353,0.55,0.17,0,0,0
CL-0483,klinika,6,4,450,9,9309.48,1,69,0.6,190,0.46,0.21,10,1,0
CL-0484,klinika,5,1,98,13,5249.44,1,175,0.34,236,0.18,0.01,10,0,0
CL-0485,klinika,5,3,467,5,10160.83,1,121,0.85,279,0.82,0.16,5,1,0
CL-0486,klinika,14,1,369,16,3406.62,1,111,0.71,186,0.17,0.07,9,1,0
CL-0487,mobilny,2,2,161,14,7716.46,1,145,0.13,61,0.19,0.01,7,0,0
CL-0488,klinika,6,1,680,20,4674.11,1,155,0.12,248,0.51,0.14,7,1,0
CL-0489,szpital,37,5,422,9,1175.47,1,71,0.55,104,0.15,0.07,6,0,0
CL-0490,klinika,14,1,254,22,13131.61,1,53,0.04,349,0.59,0.29,0,0,1
CL-0491,mobilny,2,2,170,30,9967.06,1,109,0.96,115,0.59,0.19,6,0,1
CL-0492,klinika,14,1,678,11,1004.9,0,0,0.0,22,0.65,0.32,4,0,0
CL-0493,klinika,11,1,590,23,4680.97,1,24,0.03,4,0.79,0.16,4,0,1
CL-0494,klinika,8,3,280,8,7925.69,1,191,0.66,243,0.88,0.23,10,1,0
CL-0495,szpital,12,2,132,1,11796.53,1,127,0.21,171,0.15,0.07,0,0,0
CL-0496,klinika,10,4,156,28,10855.24,1,95,0.0,264,0.8,0.28,2,1,1
CL-0497,szpital,25,5,706,27,1042.52,1,178,0.7,87,0.48,0.0,5,0,0
CL-0498,klinika,15,4,654,29,4281.9,0,0,0.0,38,0.86,0.28,9,0,0
CL-0499,klinika,15,4,443,1,10129.48,1,200,0.34,271,0.08,0.01,1,0,0
CL-0500,mobilny,1,1,606,13,7272.19,1,66,0.59,223,0.37,0.11,9,0,0
CL-0501,klinika,8,1,518,9,8458.41,1,134,0.36,116,0.41,0.12,10,0,0
CL-0502,klinika,6,1,141,15,11627.12,0,0,0.0,173,0.75,0.24,5,1,0
CL-0503,mobilny,2,1,417,11,10986.63,1,71,0.29,241,0.18,0.09,6,0,1
CL-0504,mobilny,2,1,235,27,7102.17,1,113,0.61,191,0.27,0.12,6,1,0
CL-0505,klinika,10,4,239,23,2647.17,1,193,0.61,322,0.82,0.08,0,0,0
CL-0506,klinika,12,1,711,11,1350.28,1,49,0.16,148,0.34,0.01,0,0,0
CL-0507,szpital,35,7,278,1,12105.12,1,133,0.99,85,0.07,0.01,3,0,0
CL-0508,klinika,8,1,535,15,6177.41,1,64,0.79,74,0.22,0.04,9,0,0
CL-0509,klinika,5,3,644,17,12901.82,1,90,0.86,31,0.65,0.06,1,0,0
CL-0510,klinika,13,4,318,18,4627.33,1,131,0.78,180,0.46,0.16,6,0,0
CL-0511,klinika,8,1,204,15,5343.55,1,133,0.44,274,0.87,0.06,4,1,1
CL-0512,szpital,39,3,366,24,6285.92,1,159,0.91,93,0.25,0.11,5,0,0
CL-0513,klinika,13,4,540,10,10548.93,1,136,0.81,277,0.8,0.4,6,0,0
CL-0514,klinika,5,4,702,17,6877.53,1,175,0.91,353,0.15,0.03,4,0,0
CL-0515,klinika,10,2,670,30,14723.11,1,128,0.85,141,0.8,0.26,1,0,0
CL-0516,mobilny,1,2,313,29,8746.9,0,0,0.0,359,0.89,0.42,6,0,0
CL-0517,klinika,11,3,473,25,4392.79,1,72,0.57,180,0.81,0.06,9,0,0
CL-0518,klinika,13,3,502,15,1159.78,1,149,0.33,287,0.07,0.02,7,0,0
CL-0519,szpital,39,4,110,13,4713.3,1,127,0.33,112,0.81,0.23,10,0,0
CL-0520,szpital,10,3,544,2,10327.92,1,118,0.79,169,0.51,0.19,0,0,0
CL-0521,klinika,11,1,44,14,11768.81,1,76,0.69,311,0.37,0.14,10,1,0
CL-0522,mobilny,2,2,284,13,11198.45,1,92,0.53,285,0.48,0.12,6,0,0
CL-0523,mobilny,1,1,29,23,14283.23,1,149,0.14,353,0.85,0.34,7,0,0
CL-0524,szpital,49,2,727,28,1924.64,1,160,0.93,234,0.3,0.1,4,1,0
CL-0525,klinika,12,3,225,13,3785.11,0,0,0.0,170,0.15,0.05,4,0,0
CL-0526,klinika,6,3,385,2,5812.09,1,7,0.58,4,0.13,0.01,10,0,1
CL-0527,klinika,4,4,682,7,12019.0,1,111,0.73,142,0.62,0.25,1,0,0
CL-0528,mobilny,2,2,369,16,6986.5,1,73,0.63,243,0.12,0.05,7,0,0
CL-0529,klinika,4,3,477,18,1576.62,1,58,0.97,349,0.64,0.21,4,1,0
CL-0530,szpital,50,8,441,18,13072.76,1,107,0.86,191,0.36,0.07,1,0,0
CL-0531,szpital,48,5,431,18,6177.72,1,146,0.69,191,0.33,0.09,5,0,0
CL-0532,mobilny,1,1,59,12,9330.96,1,200,0.19,127,0.35,0.15,7,0,0
CL-0533,mobilny,2,2,561,18,11120.72,0,0,0.0,344,0.06,0.0,6,0,1
CL-0534,szpital,39,6,563,24,3954.1,1,167,0.94,6,0.63,0.27,1,1,0
CL-0535,mobilny,1,2,312,3,4480.84,0,0,0.0,143,0.26,0.06,9,0,0
CL-0536,klinika,14,4,38,3,1637.37,1,111,0.29,110,0.59,0.28,1,1,0
CL-0537,klinika,3,1,679,16,13666.71,1,189,0.78,263,0.59,0.01,9,0,1
CL-0538,mobilny,1,1,46,1,5926.01,0,0,0.0,33,0.33,0.03,5,0,0
CL-0539,klinika,7,4,506,24,14498.93,1,26,0.73,255,0.47,0.19,0,0,0
CL-0540,klinika,3,2,634,22,4840.44,1,128,0.95,89,0.67,0.33,6,0,0
CL-0541,klinika,14,1,20,27,1089.9,1,131,0.76,346,0.4,0.2,3,1,0
CL-0542,klinika,12,1,193,4,947.24,0,0,0.0,196,0.71,0.23,0,0,0
CL-0543,szpital,39,7,612,11,5503.54,1,129,0.63,226,0.11,0.0,5,0,0
CL-0544,klinika,4,3,77,27,1862.09,1,171,0.77,279,0.58,0.13,8,0,0
CL-0545,klinika,4,3,163,6,8925.73,0,0,0.0,23,0.22,0.11,4,0,0
CL-0546,klinika,14,2,727,6,5965.35,1,165,0.39,45,0.21,0.06,7,1,0
CL-0547,klinika,3,2,243,10,5601.56,1,75,0.82,364,0.55,0.14,5,0,0
CL-0548,mobilny,1,2,459,8,7226.93,1,101,0.77,240,0.29,0.03,10,1,0
CL-0549,klinika,6,3,357,30,14732.99,0,0,0.0,354,0.06,0.02,10,0,0
CL-0550,klinika,3,3,224,9,8601.37,0,0,0.0,55,0.15,0.07,9,0,1
CL-0551,klinika,4,3,386,10,4933.24,1,47,0.57,146,0.61,0.21,3,0,0
CL-0552,klinika,10,2,234,18,14059.01,1,192,0.24,156,0.49,0.22,3,1,0
CL-0553,klinika,7,1,153,24,4872.27,1,13,0.1,186,0.18,0.01,6,0,0
CL-0554,mobilny,2,1,486,30,6408.57,1,154,0.64,268,0.54,0.05,9,0,0
CL-0555,klinika,2,4,17,16,13142.34,1,48,0.75,202,0.35,0.07,0,0,1
CL-0556,mobilny,2,1,550,15,12240.83,1,173,0.86,70,0.15,0.06,4,0,0
CL-0557,klinika,14,2,595,18,851.92,1,39,0.0,276,0.88,0.19,10,0,0
CL-0558,klinika,15,3,537,8,1360.58,1,111,0.73,265,0.66,0.22,5,0,0
CL-0559,klinika,8,1,121,2,8383.1,1,8,0.94,121,0.54,0.26,9,0,0
CL-0560,klinika,3,2,690,28,3540.75,1,74,0.84,108,0.73,0.21,9,0,0
CL-0561,szpital,10,2,241,28,5307.08,1,177,0.8,198,0.32,0.04,3,0,0
CL-0562,klinika,7,3,486,5,1027.03,1,126,0.87,230,0.76,0.12,7,0,1
CL-0563,szpital,11,6,421,16,9835.86,0,0,0.0,306,0.67,0.28,8,0,0
CL-0564,szpital,23,4,236,11,6100.12,1,66,0.46,287,0.2,0.08,1,0,0
CL-0565,klinika,4,1,494,29,1123.84,1,79,0.29,295,0.24,0.05,3,1,0
CL-0566,mobilny,2,2,637,19,4507.73,1,5,0.42,256,0.82,0.21,3,0,1
CL-0567,klinika,2,1,320,19,5691.43,0,0,0.0,28,0.65,0.19,10,0,0
CL-0568,szpital,10,4,247,29,11988.29,1,198,0.48,212,0.15,0.02,1,0,0
CL-0569,klinika,8,3,395,29,580.84,0,0,0.0,114,0.28,0.01,3,0,0
CL-0570,szpital,46,2,497,3,779.52,0,0,0.0,344,0.31,0.14,2,0,1
CL-0571,klinika,9,2,306,30,9940.88,1,180,0.34,122,0.13,0.06,8,0,0
CL-0572,klinika,13,1,291,5,9575.22,1,106,0.31,180,0.18,0.06,9,1,0
CL-0573,klinika,9,3,38,15,11158.88,1,153,0.88,56,0.65,0.25,8,0,0
CL-0574,klinika,15,1,126,24,686.55,1,170,0.25,119,0.13,0.0,9,1,0
CL-0575,klinika,12,1,39,11,13682.02,1,111,0.05,85,0.85,0.13,9,0,0
CL-0576,klinika,10,3,225,2,9217.46,1,51,0.61,43,0.13,0.03,8,0,0
CL-0577,klinika,3,3,76,3,13798.81,1,16,0.28,130,0.5,0.01,9,0,0
CL-0578,klinika,4,3,73,13,10364.26,1,163,0.54,94,0.14,0.05,10,0,0
CL-0579,klinika,4,4,171,11,9628.82,1,190,0.86,319,0.39,0.08,8,0,1
CL-0580,klinika,6,2,29,9,2415.0,1,179,0.11,96,0.69,0.34,6,0,0
CL-0581,mobilny,1,2,338,21,13329.73,0,0,0.0,230,0.62,0.2,4,1,0
CL-0582,mobilny,1,2,140,16,10367.29,1,87,0.12,85,0.68,0.08,7,0,0
CL-0583,szpital,32,8,423,22,9418.79,1,140,0.48,310,0.76,0.36,1,0,0
CL-0584,klinika,13,3,124,1,5240.42,1,28,0.45,268,0.79,0.35,1,0,0
CL-0585,mobilny,1,2,643,22,3737.76,1,20,0.92,268,0.79,0.37,2,0,1
CL-0586,szpital,22,2,567,29,1697.65,0,0,0.0,73,0.44,0.06,7,0,1
CL-0587,klinika,11,4,652,20,2353.62,0,0,0.0,243,0.56,0.17,7,0,1
CL-0588,klinika,7,2,237,20,8998.17,1,47,0.37,141,0.43,0.11,8,1,0
CL-0589,klinika,4,2,725,4,2003.52,1,144,0.83,200,0.32,0.02,2,0,0
CL-0590,klinika,3,4,497,10,1792.41,0,0,0.0,11,0.35,0.16,4,0,1
CL-0591,klinika,6,2,468,30,4072.42,1,15,0.77,238,0.86,0.42,6,0,0
CL-0592,mobilny,1,1,415,23,10755.23,0,0,0.0,117,0.1,0.03,1,1,0
CL-0593,mobilny,2,2,517,13,12970.46,1,95,0.28,141,0.26,0.09,2,0,0
CL-0594,klinika,8,1,648,1,4564.28,1,106,0.94,112,0.78,0.37,6,0,0
CL-0595,klinika,6,3,114,24,6897.51,1,42,0.01,19,0.73,0.34,4,0,0
CL-0596,klinika,14,2,350,22,13359.28,0,0,0.0,339,0.87,0.28,3,0,1
CL-0597,klinika,14,3,330,22,9757.85,1,80,0.82,123,0.64,0.28,9,0,0
CL-0598,klinika,15,1,651,4,13244.98,0,0,0.0,279,0.42,0.15,3,0,0
CL-0599,mobilny,2,1,91,10,2605.08,0,0,0.0,89,0.71,0.17,2,0,0
CL-0600,klinika,5,2,157,11,14751.29,1,118,0.96,192,0.15,0.07,8,0,0
CL-0601,klinika,10,4,515,11,8256.93,1,94,0.54,312,0.75,0.25,8,1,0
CL-0602,klinika,15,1,184,19,9720.33,1,160,0.74,109,0.72,0.23,5,0,0
CL-0603,klinika,5,4,510,19,4226.09,1,135,0.53,19,0.49,0.05,1,1,1
CL-0604,mobilny,2,1,132,12,993.4,0,0,0.0,177,0.68,0.19,4,0,0
CL-0605,klinika,12,3,111,2,8631.51,0,0,0.0,299,0.53,0.21,2,0,0
CL-0606,klinika,9,1,399,15,4710.84,1,109,0.98,159,0.59,0.29,10,0,0
CL-0607,klinika,2,4,556,3,8692.48,0,0,0.0,124,0.89,0.36,10,0,1
CL-0608,klinika,12,4,190,19,4043.79,1,60,0.93,13,0.22,0.08,9,0,0
CL-0609,klinika,2,4,69,14,3441.28,1,11,0.26,162,0.25,0.04,10,1,0
CL-0610,mobilny,1,1,367,27,12187.31,0,0,0.0,272,0.28,0.06,5,0,1
CL-0611,klinika,9,1,91,9,6161.39,0,0,0.0,194,0.19,0.07,1,0,0
CL-0612,klinika,12,2,207,14,2183.18,1,106,0.45,274,0.13,0.04,6,0,1
CL-0613,szpital,30,7,433,7,8916.25,1,147,0.78,269,0.84,0.12,8,1,0
CL-0614,szpital,33,4,661,23,2706.96,1,76,0.52,279,0.07,0.03,0,0,0
CL-0615,szpital,27,6,227,4,7639.46,0,0,0.0,230,0.13,0.01,7,0,1
CL-0616,klinika,12,2,441,4,8250.9,1,178,0.17,101,0.41,0.18,8,0,0
CL-0617,klinika,3,4,701,22,6108.57,1,41,0.41,179,0.14,0.06,5,0,0
CL-0618,klinika,5,3,573,26,2301.41,1,165,0.14,169,0.88,0.26,7,0,0
CL-0619,klinika,11,4,274,21,10867.41,1,8,0.19,59,0.63,0.17,10,0,0
CL-0620,klinika,6,4,362,19,3305.4,1,195,0.53,171,0.61,0.14,0,0,0
CL-0621,klinika,5,2,249,11,10123.5,1,32,0.46,354,0.67,0.16,3,0,0
CL-0622,mobilny,2,2,619,15,3178.93,1,90,0.35,264,0.18,0.07,4,0,0
CL-0623,klinika,5,2,428,23,11347.84,1,29,0.49,91,0.24,0.03,4,1,0
CL-0624,mobilny,1,1,304,21,4233.07,1,88,0.25,189,0.85,0.3,2,0,0
CL-0625,klinika,13,4,529,5,9501.98,1,81,0.95,243,0.55,0.05,8,0,1
CL-0626,klinika,2,3,80,6,7613.17,1,159,0.07,319,0.22,0.07,4,1,0
CL-0627,klinika,6,1,641,22,6034.96,1,3,0.45,199,0.63,0.05,6,0,0
CL-0628,klinika,15,4,511,18,5483.16,1,127,0.95,206,0.2,0.07,3,0,0
CL-0629,klinika,8,2,614,30,1864.16,1,31,0.68,298,0.78,0.09,6,0,0
CL-0630,szpital,29,8,483,25,14027.43,0,0,0.0,256,0.13,0.01,5,1,1
CL-0631,szpital,50,5,233,18,1009.1,1,58,0.05,185,0.88,0.11,5,0,0
CL-0632,klinika,11,4,240,8,13017.55,0,0,0.0,109,0.43,0.11,6,0,0
CL-0633,klinika,6,1,522,22,3587.77,0,0,0.0,231,0.3,0.06,1,0,0
CL-0634,klinika,9,4,664,14,10237.68,0,0,0.0,87,0.5,0.14,10,0,0
CL-0635,klinika,15,4,717,3,14137.49,1,151,0.13,90,0.61,0.05,0,1,0
CL-0636,klinika,11,4,198,29,4298.26,1,193,0.94,250,0.45,0.17,0,0,0
CL-0637,klinika,9,3,259,8,10559.4,1,78,0.17,57,0.8,0.28,6,1,0
CL-0638,mobilny,2,2,221,5,4874.84,1,33,0.23,23,0.43,0.15,9,0,0
CL-0639,klinika,11,4,142,28,2183.23,0,0,0.0,236,0.22,0.1,8,0,0
CL-0640,mobilny,1,1,205,22,7079.36,0,0,0.0,273,0.89,0.44,4,0,1
CL-0641,mobilny,2,1,40,26,3822.06,1,49,0.09,257,0.77,0.38,6,1,0
CL-0642,szpital,12,6,681,8,13735.58,0,0,0.0,82,0.54,0.05,10,0,0
CL-0643,klinika,10,4,632,6,11666.06,1,178,0.08,181,0.3,0.02,5,1,0
CL-0644,klinika,8,2,638,26,14797.01,1,87,0.66,20,0.62,0.04,1,0,1
CL-0645,szpital,22,7,189,3,2087.08,0,0,0.0,318,0.44,0.04,3,0,0
CL-0646,mobilny,1,2,567,28,5149.07,0,0,0.0,329,0.56,0.08,6,0,1
CL-0647,mobilny,1,1,229,16,11835.06,0,0,0.0,331,0.87,0.06,6,0,0
CL-0648,szpital,25,8,718,26,10045.72,1,62,0.68,156,0.45,0.1,7,0,0
CL-0649,klinika,12,3,192,3,5240.85,1,109,0.07,219,0.85,0.24,3,0,0
CL-0650,mobilny,2,2,41,20,14824.75,1,55,0.04,96,0.81,0.24,2,0,0
CL-0651,klinika,10,4,652,7,9417.92,1,122,0.86,132,0.63,0.31,0,0,0
CL-0652,szpital,16,6,216,11,2945.32,0,0,0.0,72,0.47,0.01,10,0,0
CL-0653,mobilny,1,2,695,18,3778.62,0,0,0.0,39,0.22,0.07,6,0,0
CL-0654,klinika,13,2,79,30,613.51,1,46,0.21,265,0.31,0.08,10,0,0
CL-0655,klinika,6,4,510,30,3598.08,1,166,0.37,178,0.6,0.05,4,1,0
CL-0656,klinika,15,3,97,11,518.88,1,110,0.39,73,0.78,0.02,7,0,1
CL-0657,mobilny,1,1,720,3,11713.67,1,94,0.02,361,0.22,0.1,10,0,1
CL-0658,mobilny,2,2,594,7,6877.35,0,0,0.0,166,0.11,0.03,5,0,1
CL-0659,klinika,10,1,505,26,7438.71,0,0,0.0,359,0.82,0.41,8,0,0
CL-0660,klinika,5,3,173,20,10589.91,1,138,0.79,67,0.75,0.28,4,0,0
CL-0661,klinika,15,4,388,6,10621.18,1,56,0.68,250,0.23,0.07,1,0,0
CL-0662,szpital,35,6,35,24,7090.57,1,23,0.55,323,0.78,0.01,4,0,0
CL-0663,klinika,11,3,126,4,6968.83,1,186,0.05,216,0.83,0.27,8,0,0
CL-0664,klinika,9,3,249,24,1066.16,1,97,0.21,76,0.3,0.03,2,0,0
CL-0665,szpital,48,3,681,13,12146.34,0,0,0.0,244,0.64,0.23,5,1,0
CL-0666,klinika,8,2,466,1,11613.88,1,21,0.97,235,0.64,0.08,1,0,0
CL-0667,mobilny,2,2,535,14,1680.32,0,0,0.0,97,0.27,0.04,0,0,0
CL-0668,klinika,7,3,683,3,7545.1,0,0,0.0,355,0.49,0.04,1,1,1
CL-0669,mobilny,2,2,655,21,4512.32,1,157,0.87,124,0.39,0.16,10,0,0
CL-0670,klinika,6,4,669,17,4124.05,1,175,0.96,171,0.08,0.01,1,1,0
CL-0671,klinika,12,3,265,12,13900.06,1,21,0.81,118,0.89,0.04,1,0,0
CL-0672,klinika,15,2,125,11,7661.43,1,46,0.28,177,0.85,0.01,9,0,1
CL-0673,mobilny,1,1,245,18,5460.23,1,7,0.08,290,0.62,0.14,5,0,0
CL-0674,klinika,6,2,624,2,2268.6,1,185,0.14,183,0.71,0.07,2,0,0
CL-0675,mobilny,1,2,431,10,766.61,0,0,0.0,283,0.52,0.01,1,0,1
CL-0676,klinika,12,2,478,3,14096.59,0,0,0.0,72,0.36,0.1,5,0,0
CL-0677,klinika,9,3,362,26,9941.32,1,85,0.11,164,0.12,0.03,9,0,0
CL-0678,mobilny,1,1,66,22,6344.73,1,38,0.29,158,0.34,0.09,5,0,0
CL-0679,klinika,2,1,282,14,5897.49,1,128,0.75,315,0.83,0.17,5,0,0
CL-0680,klinika,6,3,20,10,13807.22,0,0,0.0,167,0.21,0.02,0,0,0
CL-0681,klinika,2,4,81,5,9962.84,0,0,0.0,300,0.44,0.15,5,0,0
CL-0682,szpital,17,7,404,2,8420.59,1,181,0.16,173,0.11,0.01,1,0,0
CL-0683,mobilny,2,2,564,8,1283.26,1,102,0.35,210,0.18,0.04,8,0,0
CL-0684,klinika,3,4,699,19,8388.17,1,101,0.32,289,0.43,0.08,8,0,1
CL-0685,klinika,5,1,32,21,4818.87,0,0,0.0,211,0.56,0.01,5,1,0
CL-0686,szpital,38,2,278,17,8547.12,1,17,0.85,187,0.51,0.21,0,0,0
CL-0687,klinika,4,4,103,7,1672.19,0,0,0.0,236,0.71,0.22,1,0,1
CL-0688,klinika,12,4,333,14,10293.77,1,93,0.06,183,0.27,0.04,10,0,0
CL-0689,szpital,26,7,503,13,2792.23,1,79,0.86,344,0.3,0.06,8,0,1
CL-0690,mobilny,1,2,299,21,4468.24,1,79,0.25,123,0.67,0.14,4,0,0
CL-0691,klinika,14,1,451,11,9221.18,0,0,0.0,39,0.66,0.21,6,0,0
CL-0692,mobilny,1,1,464,27,14550.63,1,85,0.26,302,0.79,0.23,3,1,0
CL-0693,klinika,8,2,376,2,7426.91,1,124,0.61,365,0.62,0.26,1,0,0
CL-0694,klinika,9,3,671,18,12748.1,1,120,0.59,108,0.18,0.04,5,0,0
CL-0695,klinika,14,3,637,30,1377.31,1,161,0.84,294,0.1,0.01,4,0,0
CL-0696,klinika,15,1,402,6,8182.63,1,109,0.92,328,0.49,0.23,8,0,0
CL-0697,klinika,7,3,211,13,9586.17,1,46,0.12,219,0.19,0.05,8,0,1
CL-0698,mobilny,2,1,27,14,3295.51,0,0,0.0,25,0.35,0.13,8,0,0
CL-0699,klinika,6,4,498,7,6770.28,0,0,0.0,282,0.1,0.04,0,0,0
CL-0700,klinika,15,2,668,14,14290.14,1,169,0.1,308,0.41,0.11,10,0,0
CL-0701,szpital,36,7,613,17,5073.12,1,86,0.82,253,0.45,0.08,4,0,0
CL-0702,klinika,3,3,234,11,13198.84,0,0,0.0,333,0.58,0.25,5,0,1
CL-0703,klinika,12,4,145,9,6124.84,1,52,0.88,107,0.75,0.08,3,1,0
CL-0704,mobilny,2,1,185,15,3701.28,0,0,0.0,199,0.08,0.0,0,0,0
CL-0705,mobilny,1,1,618,20,9837.33,0,0,0.0,29,0.61,0.23,1,0,1
CL-0706,szpital,38,4,474,3,6431.51,0,0,0.0,301,0.46,0.06,3,0,0
CL-0707,szpital,25,5,663,29,14963.23,1,35,0.75,93,0.61,0.27,5,0,0
CL-0708,klinika,7,3,182,30,7627.36,1,126,0.38,217,0.78,0.35,4,0,0
CL-0709,szpital,16,4,492,17,3513.63,1,17,0.81,165,0.6,0.01,8,0,1
CL-0710,klinika,6,4,716,24,14581.51,1,36,0.51,262,0.15,0.05,6,0,0
CL-0711,mobilny,2,2,721,20,1030.72,1,0,0.99,74,0.59,0.11,6,0,0
CL-0712,mobilny,2,2,455,8,2144.68,1,55,0.77,40,0.72,0.33,4,0,0
CL-0713,klinika,12,2,8,18,1783.36,1,192,0.66,254,0.42,0.13,7,0,1
CL-0714,mobilny,2,2,485,8,10638.92,1,17,0.37,82,0.27,0.1,9,0,0
CL-0715,klinika,10,2,380,11,5413.7,1,97,0.12,173,0.43,0.0,8,0,0
CL-0716,szpital,36,5,413,1,10391.51,1,42,0.35,165,0.19,0.08,10,0,0
CL-0717,szpital,29,2,116,15,8704.83,1,172,0.33,57,0.57,0.1,2,0,0
CL-0718,klinika,5,1,311,27,9795.59,0,0,0.0,199,0.69,0.01,4,0,1
CL-0719,klinika,8,1,246,26,14401.25,1,108,0.49,353,0.41,0.17,9,0,1
CL-0720,klinika,6,3,445,6,7733.28,1,7,0.04,361,0.22,0.06,6,0,0
CL-0721,szpital,10,5,417,18,2607.85,1,160,0.12,71,0.64,0.1,3,0,0
CL-0722,szpital,49,5,581,6,4575.02,1,184,0.49,185,0.76,0.27,2,0,0
CL-0723,mobilny,2,1,187,28,12055.75,1,134,0.57,116,0.21,0.06,6,0,0
CL-0724,klinika,8,2,395,19,4518.17,1,1,0.79,304,0.47,0.22,4,0,0
CL-0725,klinika,6,4,360,3,7108.97,1,199,0.25,10,0.38,0.02,1,0,0
CL-0726,szpital,12,7,79,27,10228.53,1,47,0.52,213,0.37,0.13,0,0,0
CL-0727,klinika,6,3,269,20,8405.74,1,176,0.63,289,0.51,0.13,0,0,0
CL-0728,mobilny,2,2,365,11,7049.94,1,147,0.5,116,0.38,0.14,0,1,0
CL-0729,klinika,14,3,131,7,3846.97,1,187,0.79,125,0.45,0.17,1,0,0
CL-0730,klinika,10,2,297,10,13956.01,1,92,0.31,215,0.26,0.08,1,0,0
CL-0731,klinika,10,3,579,24,5901.54,1,1,0.74,116,0.79,0.06,3,0,0
CL-0732,klinika,13,2,127,24,4117.72,1,74,0.66,141,0.4,0.13,7,0,0
CL-0733,mobilny,2,2,306,10,1075.92,1,157,0.01,337,0.73,0.03,4,0,0
CL-0734,mobilny,2,1,14,4,3958.55,1,25,0.99,276,0.47,0.12,6,0,1
CL-0735,klinika,9,2,725,13,5521.86,1,42,0.73,79,0.63,0.12,0,0,0
CL-0736,mobilny,2,2,707,20,2264.43,1,199,0.44,76,0.65,0.09,2,0,0
CL-0737,mobilny,1,1,401,13,8346.52,0,0,0.0,92,0.56,0.0,6,1,1
CL-0738,klinika,3,4,522,21,2441.27,1,118,0.17,83,0.48,0.22,4,0,0
CL-0739,klinika,5,4,550,15,6763.71,0,0,0.0,275,0.25,0.11,1,0,0
CL-0740,klinika,15,4,455,17,10127.84,0,0,0.0,268,0.14,0.01,2,0,1
CL-0741,szpital,20,4,122,11,12043.3,1,107,0.96,265,0.69,0.16,4,0,0
CL-0742,szpital,15,3,400,13,13282.31,0,0,0.0,219,0.47,0.05,2,1,0
CL-0743,szpital,39,7,323,20,5827.23,0,0,0.0,191,0.68,0.06,5,0,1
CL-0744,mobilny,1,1,561,20,14182.02,1,167,0.39,143,0.62,0.22,6,0,0
CL-0745,klinika,12,4,469,21,8713.46,1,146,0.78,354,0.22,0.06,5,0,0
CL-0746,klinika,7,4,174,19,4855.29,1,88,0.7,40,0.39,0.1,4,0,0
CL-0747,mobilny,1,2,62,12,13125.8,1,119,0.63,75,0.26,0.09,6,1,0
CL-0748,klinika,3,2,176,15,10431.96,1,126,0.68,54,0.46,0.02,6,0,0
CL-0749,klinika,12,2,483,11,1552.67,1,69,0.12,233,0.49,0.1,1,0,0
CL-0750,szpital,14,4,235,22,1721.44,1,62,0.34,252,0.72,0.05,7,0,0
CL-0751,klinika,6,2,278,10,12035.46,1,104,0.49,143,0.27,0.07,4,0,0
CL-0752,klinika,6,3,430,8,3407.69,1,116,0.71,17,0.72,0.09,3,0,0
CL-0753,mobilny,1,1,294,3,3461.09,1,97,0.75,195,0.32,0.11,2,0,0
CL-0754,klinika,14,1,183,9,14127.38,1,143,0.94,263,0.5,0.08,2,0,0
CL-0755,szpital,19,5,709,17,3302.0,1,67,0.9,246,0.32,0.01,10,0,0
CL-0756,szpital,30,2,622,13,6999.14,1,97,0.43,231,0.45,0.01,1,0,0
CL-0757,klinika,6,2,352,20,6355.69,1,157,0.25,88,0.25,0.01,10,0,1
CL-0758,szpital,35,8,462,18,3828.0,1,5,0.65,1,0.6,0.04,9,0,0
CL-0759,klinika,15,3,477,26,4636.73,1,51,0.66,38,0.26,0.06,9,0,0
CL-0760,klinika,11,1,142,8,7114.09,0,0,0.0,299,0.87,0.15,1,1,0
CL-0761,klinika,15,2,354,21,11216.7,1,121,0.07,307,0.66,0.06,7,0,0
CL-0762,klinika,6,3,261,20,6522.23,1,106,0.94,26,0.26,0.1,2,0,0
CL-0763,klinika,7,1,101,18,3123.33,0,0,0.0,179,0.64,0.15,6,0,0
CL-0764,klinika,5,2,18,30,4177.44,1,147,0.04,287,0.59,0.18,4,0,1
CL-0765,klinika,8,2,182,23,5788.19,1,47,0.64,198,0.67,0.09,4,0,0
CL-0766,klinika,5,2,668,24,12707.23,1,45,0.11,9,0.16,0.03,4,0,0
CL-0767,klinika,6,4,304,21,5880.12,0,0,0.0,173,0.14,0.02,0,0,1
CL-0768,mobilny,1,1,449,18,13056.96,1,190,0.67,37,0.61,0.28,2,0,0
CL-0769,klinika,6,2,300,5,2346.78,1,118,0.2,4,0.06,0.03,6,0,0
CL-0770,mobilny,1,1,508,23,6463.6,0,0,0.0,210,0.5,0.13,2,0,0
CL-0771,mobilny,2,1,457,29,1884.91,0,0,0.0,284,0.33,0.12,8,0,0
CL-0772,szpital,50,4,538,9,6610.51,1,114,0.86,52,0.58,0.01,9,0,1
CL-0773,klinika,9,3,633,3,1456.68,0,0,0.0,50,0.21,0.1,0,0,1
CL-0774,szpital,33,8,36,5,6615.37,0,0,0.0,361,0.73,0.1,6,1,0
CL-0775,szpital,42,6,343,17,1689.66,0,0,0.0,161,0.67,0.21,1,0,0
CL-0776,klinika,14,2,432,22,8972.37,1,180,0.88,166,0.12,0.05,0,1,0
CL-0777,szpital,29,7,500,6,6261.87,1,23,0.4,82,0.1,0.05,1,0,1
CL-0778,mobilny,1,1,43,22,3575.45,1,35,0.04,244,0.69,0.19,7,1,0
CL-0779,szpital,44,8,370,26,4678.6,0,0,0.0,10,0.86,0.17,5,0,1
CL-0780,klinika,8,1,463,8,1421.52,1,24,0.38,91,0.45,0.16,1,0,0
CL-0781,szpital,30,7,136,6,6810.9,1,28,0.69,167,0.2,0.03,6,0,0
CL-0782,mobilny,2,1,638,27,14050.15,1,25,0.6,202,0.65,0.29,5,0,0
CL-0783,klinika,11,3,273,22,7933.75,1,138,0.44,302,0.59,0.06,6,0,0
CL-0784,klinika,7,1,498,17,4024.14,0,0,0.0,349,0.1,0.02,1,0,0
CL-0785,mobilny,1,1,65,23,14115.63,1,198,0.26,26,0.19,0.0,7,0,0
CL-0786,szpital,32,8,647,11,3192.3,0,0,0.0,204,0.43,0.21,5,0,1
CL-0787,szpital,16,5,624,24,3897.53,0,0,0.0,121,0.84,0.35,4,0,0
CL-0788,mobilny,1,1,590,1,6772.35,0,0,0.0,155,0.59,0.02,4,0,0
CL-0789,klinika,8,1,713,21,14674.73,1,159,0.77,347,0.88,0.29,10,0,0
CL-0790,klinika,3,3,472,1,1143.88,1,59,0.17,272,0.34,0.05,6,0,0
CL-0791,mobilny,2,1,726,28,1194.93,1,108,0.74,243,0.74,0.09,7,0,0
CL-0792,szpital,22,2,574,22,10661.3,1,16,0.48,149,0.28,0.09,3,0,0
CL-0793,klinika,8,3,207,15,1397.15,1,99,0.83,361,0.52,0.03,3,0,0
CL-0794,klinika,12,2,610,19,1482.6,1,0,0.06,109,0.77,0.19,10,0,0
CL-0795,klinika,12,4,323,1,14296.48,0,0,0.0,8,0.62,0.16,5,0,0
CL-0796,mobilny,2,2,255,3,12029.01,1,66,0.01,342,0.3,0.03,4,0,0
CL-0797,klinika,6,3,544,30,2761.05,0,0,0.0,119,0.29,0.03,3,0,0
CL-0798,klinika,5,3,567,21,10825.26,1,157,0.62,269,0.11,0.04,5,0,0
CL-0799,mobilny,2,2,213,1,13981.85,0,0,0.0,193,0.31,0.04,8,0,1
CL-0800,mobilny,2,2,723,20,6265.26,1,97,0.74,85,0.66,0.25,4,0,0
CL-0801,klinika,7,3,159,18,9889.39,1,54,0.08,81,0.39,0.13,7,1,0
CL-0802,szpital,23,8,323,14,3898.1,1,200,0.76,11,0.53,0.06,3,0,0
CL-0803,szpital,40,5,341,15,4918.5,1,144,0.88,322,0.73,0.28,4,0,0
CL-0804,szpital,37,6,499,18,13719.99,1,186,0.43,71,0.84,0.29,9,1,0
CL-0805,klinika,11,2,654,23,10151.8,1,155,0.8,338,0.35,0.06,10,0,0
CL-0806,klinika,11,1,434,28,686.99,1,124,0.32,29,0.29,0.05,3,0,0
CL-0807,klinika,5,3,538,30,10063.83,1,121,0.26,39,0.26,0.1,6,1,0
CL-0808,mobilny,1,2,60,19,12983.13,0,0,0.0,106,0.26,0.06,4,0,1
CL-0809,klinika,14,4,549,17,7439.75,1,12,0.64,335,0.72,0.12,0,1,0
CL-0810,mobilny,2,2,263,3,2327.57,0,0,0.0,266,0.31,0.04,2,0,0
CL-0811,klinika,12,3,518,15,4238.73,0,0,0.0,11,0.48,0.05,4,0,0
CL-0812,klinika,5,3,499,2,7989.05,0,0,0.0,58,0.37,0.01,0,0,0
CL-0813,szpital,11,4,23,21,1448.68,0,0,0.0,153,0.09,0.02,7,0,0
CL-0814,klinika,11,3,249,2,5609.15,1,68,0.14,249,0.3,0.13,6,0,0
CL-0815,klinika,5,1,638,22,14057.01,1,82,0.34,338,0.05,0.02,0,0,0
CL-0816,klinika,14,1,327,18,6656.44,0,0,0.0,72,0.71,0.22,5,0,1
CL-0817,klinika,10,3,698,17,5760.12,1,30,0.46,249,0.72,0.3,5,0,0
CL-0818,szpital,36,3,433,2,7125.18,1,145,0.02,245,0.42,0.2,2,0,1
CL-0819,klinika,11,2,106,5,2332.8,0,0,0.0,157,0.7,0.34,4,0,0
CL-0820,klinika,2,3,595,28,7139.69,1,139,0.4,161,0.1,0.04,9,1,0
CL-0821,klinika,12,2,73,26,14118.16,1,15,0.37,108,0.56,0.19,1,0,0
CL-0822,klinika,10,2,318,3,6929.5,0,0,0.0,352,0.53,0.13,5,0,0
CL-0823,szpital,31,5,205,21,6064.6,1,130,0.97,212,0.22,0.08,8,0,1
CL-0824,szpital,43,4,322,8,11042.08,1,128,0.77,98,0.43,0.13,1,1,0
CL-0825,klinika,11,3,363,3,13320.07,1,183,0.88,238,0.3,0.14,5,0,0
CL-0826,mobilny,1,2,222,14,769.72,1,108,0.98,84,0.47,0.1,9,0,1
CL-0827,mobilny,2,2,263,20,6215.29,1,133,0.33,165,0.6,0.04,1,0,0
CL-0828,klinika,15,3,62,9,6500.38,1,94,0.86,170,0.29,0.09,5,1,0
CL-0829,klinika,13,3,137,8,4504.01,1,112,0.23,155,0.19,0.08,3,0,0
CL-0830,klinika,8,3,61,12,5998.12,0,0,0.0,44,0.37,0.11,0,1,0
CL-0831,szpital,19,6,62,13,12520.61,1,74,0.12,302,0.22,0.1,6,0,0
CL-0832,klinika,11,4,308,27,4943.3,0,0,0.0,77,0.11,0.01,8,0,1
CL-0833,mobilny,1,1,331,19,6780.99,1,182,0.39,129,0.38,0.06,3,0,0
CL-0834,klinika,13,1,65,15,11410.82,1,122,0.18,289,0.2,0.02,3,0,0
CL-0835,mobilny,1,2,310,16,7908.57,1,29,0.65,306,0.82,0.29,0,1,0
CL-0836,szpital,45,6,364,10,7156.41,1,33,0.23,66,0.06,0.03,8,0,0
CL-0837,mobilny,1,1,113,29,12795.75,1,72,0.25,48,0.15,0.04,5,0,0
CL-0838,klinika,12,2,633,7,754.39,1,78,0.95,360,0.27,0.09,0,0,0
CL-0839,klinika,13,3,685,20,11895.14,0,0,0.0,74,0.43,0.11,2,0,1
CL-0840,klinika,4,4,616,5,10082.1,1,59,0.59,148,0.25,0.09,7,0,0
CL-0841,klinika,12,1,94,29,9679.91,1,29,0.79,309,0.59,0.22,4,0,0
CL-0842,klinika,7,3,145,25,4382.99,1,192,0.18,48,0.3,0.05,9,0,0
CL-0843,mobilny,2,2,61,8,5586.77,1,71,0.59,124,0.37,0.05,5,1,0
CL-0844,szpital,25,6,539,26,11214.24,1,172,0.37,104,0.48,0.2,7,0,1
CL-0845,klinika,13,1,220,7,1814.72,0,0,0.0,328,0.35,0.04,10,0,1
CL-0846,szpital,15,6,102,24,6262.45,1,68,0.07,163,0.43,0.11,6,0,0
CL-0847,mobilny,1,1,550,8,14801.74,1,26,0.21,61,0.32,0.11,1,0,0
CL-0848,klinika,6,1,675,20,13790.62,1,39,0.05,117,0.57,0.17,2,0,0
CL-0849,mobilny,1,2,234,12,14743.3,0,0,0.0,351,0.66,0.2,8,0,0
CL-0850,szpital,26,6,644,3,13022.58,0,0,0.0,344,0.46,0.21,1,1,1
CL-0851,mobilny,2,2,236,24,13432.52,1,18,0.87,88,0.07,0.02,10,1,0
CL-0852,klinika,2,1,392,8,14678.34,1,148,0.59,132,0.32,0.14,7,0,0
CL-0853,szpital,43,2,191,15,8675.0,1,84,0.82,213,0.88,0.23,4,0,0
CL-0854,klinika,5,3,378,25,7893.49,0,0,0.0,79,0.24,0.08,3,0,0
CL-0855,klinika,2,3,379,18,5018.24,1,167,0.4,100,0.3,0.14,9,1,0
CL-0856,klinika,9,2,181,6,11028.44,1,25,0.56,299,0.52,0.06,10,0,0
CL-0857,klinika,4,3,559,3,5815.26,1,144,0.01,199,0.39,0.12,2,1,0
CL-0858,klinika,2,3,454,20,11544.78,1,49,0.6,220,0.28,0.13,6,0,0
CL-0859,klinika,3,3,548,17,13466.18,1,16,0.98,165,0.35,0.16,6,0,0
CL-0860,klinika,2,1,79,15,14708.31,0,0,0.0,27,0.16,0.0,8,0,0
CL-0861,szpital,10,5,659,10,3451.8,0,0,0.0,31,0.41,0.2,10,0,0
CL-0862,szpital,20,7,137,9,8040.74,1,58,0.69,230,0.71,0.06,3,1,0
CL-0863,klinika,14,4,134,25,6240.89,0,0,0.0,77,0.05,0.01,4,1,0
CL-0864,mobilny,2,2,632,29,14040.09,1,35,0.6,202,0.18,0.08,4,0,0
CL-0865,szpital,38,3,211,10,5210.69,1,137,0.05,10,0.29,0.12,2,0,0
CL-0866,mobilny,1,2,469,25,3098.98,1,92,0.66,103,0.66,0.25,7,0,0
CL-0867,klinika,6,4,108,3,11667.2,0,0,0.0,306,0.12,0.05,0,0,1
CL-0868,mobilny,1,2,210,22,959.05,1,19,0.41,242,0.46,0.05,3,0,0
CL-0869,szpital,49,7,186,15,1106.06,1,142,0.07,227,0.76,0.28,1,0,1
CL-0870,szpital,21,6,456,25,9507.16,1,55,0.2,214,0.7,0.17,6,0,0
CL-0871,mobilny,1,1,448,19,11509.48,1,195,0.32,247,0.27,0.05,2,1,1
CL-0872,klinika,14,1,408,25,8250.49,1,169,0.81,144,0.69,0.0,0,0,0
CL-0873,mobilny,1,1,532,22,13963.43,1,194,0.8,83,0.61,0.09,10,1,0
CL-0874,szpital,49,4,593,2,13410.35,1,138,0.14,233,0.55,0.13,9,1,0
CL-0875,klinika,4,1,617,6,12787.39,1,60,0.41,40,0.16,0.05,7,0,0
CL-0876,klinika,7,1,53,17,11958.38,1,0,0.32,278,0.37,0.04,10,0,1
CL-0877,klinika,7,3,231,22,12172.05,1,128,0.77,19,0.48,0.15,3,1,0
CL-0878,klinika,8,4,130,30,10461.6,1,94,0.56,326,0.24,0.11,1,0,0
CL-0879,szpital,19,6,98,9,14187.44,1,200,0.27,355,0.07,0.02,5,0,0
CL-0880,klinika,4,2,75,30,4912.02,1,6,0.56,121,0.75,0.19,9,0,0
CL-0881,mobilny,1,1,251,7,6348.29,1,176,0.68,312,0.56,0.08,10,1,0
CL-0882,klinika,15,4,244,11,9472.53,1,97,0.86,211,0.52,0.1,3,0,1
CL-0883,szpital,29,4,679,3,2027.88,1,106,0.84,197,0.28,0.08,5,0,0
CL-0884,szpital,15,6,556,6,8262.79,1,118,0.58,89,0.81,0.36,0,0,0
CL-0885,klinika,2,1,430,27,14271.77,0,0,0.0,248,0.27,0.01,4,0,1
CL-0886,mobilny,2,2,636,24,9853.83,0,0,0.0,203,0.71,0.2,7,1,0
CL-0887,klinika,6,3,358,19,13646.67,1,26,0.37,325,0.43,0.19,2,0,0
CL-0888,szpital,13,4,694,12,5039.84,1,103,0.58,154,0.89,0.22,4,0,0
CL-0889,klinika,11,4,183,22,11860.14,1,137,0.13,305,0.31,0.06,3,0,0
CL-0890,klinika,3,2,93,22,1117.31,1,42,0.73,276,0.39,0.11,10,0,0
CL-0891,mobilny,1,1,723,7,3199.19,1,174,0.54,11,0.42,0.06,1,0,0
CL-0892,klinika,10,1,428,17,2238.88,1,73,0.41,197,0.33,0.1,6,0,1
CL-0893,szpital,19,6,101,22,11727.56,1,123,0.73,288,0.51,0.23,7,1,0
CL-0894,mobilny,2,1,249,18,3011.14,1,68,0.76,316,0.39,0.18,3,0,0
CL-0895,klinika,6,3,81,27,1984.68,0,0,0.0,277,0.66,0.07,0,0,0
CL-0896,szpital,43,8,428,15,918.54,1,158,0.36,55,0.61,0.17,9,0,0
CL-0897,klinika,3,4,152,12,4982.91,0,0,0.0,305,0.75,0.32,4,1,0
CL-0898,szpital,29,4,700,20,14691.38,1,15,0.23,132,0.59,0.26,1,0,0
CL-0899,mobilny,1,1,612,12,14652.73,1,137,0.45,180,0.22,0.09,6,1,0
CL-0900,mobilny,1,2,205,25,6971.79,0,0,0.0,160,0.86,0.35,2,0,1
CL-0901,mobilny,2,2,117,22,10085.64,0,0,0.0,166,0.35,0.1,8,1,0
CL-0902,klinika,13,2,589,3,4828.73,1,188,0.77,2,0.35,0.0,3,1,0
CL-0903,klinika,14,3,94,12,11135.44,0,0,0.0,287,0.43,0.15,1,0,0
CL-0904,klinika,3,2,670,29,12287.44,1,195,0.56,190,0.84,0.28,8,0,0
CL-0905,klinika,12,2,206,18,2675.08,1,175,0.43,170,0.5,0.22,9,0,0
CL-0906,klinika,6,4,396,25,6272.11,1,73,0.59,239,0.78,0.28,1,1,0
CL-0907,klinika,2,4,607,8,10918.11,0,0,0.0,16,0.32,0.12,8,0,1
CL-0908,klinika,11,1,599,29,7655.5,1,104,0.51,346,0.13,0.01,1,0,0
CL-0909,klinika,4,2,479,29,8315.31,1,200,0.1,191,0.39,0.1,6,0,1
CL-0910,klinika,3,3,14,8,7381.46,1,8,0.88,121,0.16,0.04,8,0,0
CL-0911,szpital,44,7,29,26,846.32,1,62,0.19,361,0.22,0.02,4,0,0
CL-0912,szpital,35,8,36,9,9020.9,1,156,0.36,173,0.21,0.06,3,1,0
CL-0913,szpital,26,8,431,24,2841.2,1,97,0.69,292,0.8,0.31,8,1,0
CL-0914,klinika,2,1,482,24,1819.48,1,184,0.55,5,0.12,0.05,10,1,0
CL-0915,szpital,35,3,197,22,3766.37,1,136,0.19,22,0.34,0.08,10,0,0
CL-0916,klinika,13,1,340,15,5227.65,1,8,0.85,255,0.57,0.15,3,0,0
CL-0917,mobilny,1,1,396,8,10035.79,0,0,0.0,4,0.17,0.03,6,0,1
CL-0918,klinika,9,3,66,6,14230.25,1,155,0.2,124,0.55,0.15,7,0,0
CL-0919,klinika,9,2,505,21,11350.34,0,0,0.0,312,0.23,0.11,8,0,1
CL-0920,mobilny,2,1,400,15,3623.59,0,0,0.0,123,0.1,0.03,7,0,1
CL-0921,klinika,14,2,180,9,9284.39,1,69,0.64,337,0.28,0.09,1,0,0
CL-0922,szpital,42,8,596,3,9111.42,1,199,0.03,73,0.72,0.24,0,0,0
CL-0923,klinika,3,1,197,18,11882.53,1,39,0.35,314,0.12,0.01,10,1,1
CL-0924,mobilny,1,1,682,5,9158.44,1,6,0.14,197,0.77,0.36,4,0,1
CL-0925,klinika,14,2,309,30,10597.71,1,64,0.62,183,0.69,0.13,1,0,0
CL-0926,mobilny,1,1,534,2,9707.41,0,0,0.0,186,0.11,0.05,8,0,0
CL-0927,klinika,9,2,133,15,14431.96,1,103,0.2,203,0.45,0.17,3,0,1
CL-0928,szpital,18,7,260,23,4464.19,0,0,0.0,349,0.3,0.09,1,0,1
CL-0929,klinika,12,3,720,30,2933.15,1,7,0.63,45,0.5,0.14,4,0,0
CL-0930,klinika,3,4,631,23,10292.09,0,0,0.0,115,0.08,0.0,7,0,0
CL-0931,szpital,32,3,358,15,4156.67,0,0,0.0,36,0.5,0.13,4,1,0
CL-0932,szpital,34,6,28,28,14553.67,1,104,0.21,273,0.49,0.21,9,0,0
CL-0933,klinika,10,2,539,16,13440.07,1,185,0.1,314,0.4,0.05,2,0,0
CL-0934,klinika,5,3,86,25,4936.3,0,0,0.0,78,0.14,0.07,4,0,0
CL-0935,klinika,4,3,22,27,11368.68,1,164,0.79,262,0.56,0.06,3,0,0
CL-0936,klinika,3,4,22,21,7541.32,1,182,0.23,78,0.69,0.0,1,0,0
CL-0937,mobilny,2,1,379,27,12184.0,1,1,0.1,191,0.4,0.13,5,0,0
CL-0938,szpital,32,3,580,9,14665.1,0,0,0.0,61,0.29,0.12,5,0,0
CL-0939,klinika,5,3,341,13,1418.57,1,77,0.78,282,0.85,0.34,4,1,0
CL-0940,mobilny,1,2,379,9,2746.75,1,152,0.88,217,0.48,0.06,3,0,1
CL-0941,szpital,36,7,329,8,13613.63,1,150,0.91,181,0.74,0.16,1,0,0
CL-0942,mobilny,2,1,103,14,14024.43,1,175,0.62,136,0.45,0.09,6,1,0
CL-0943,klinika,2,4,142,14,13745.8,0,0,0.0,128,0.32,0.13,5,1,0
CL-0944,klinika,2,2,694,8,1643.06,1,111,0.31,73,0.27,0.05,6,0,1
CL-0945,klinika,7,1,185,29,1092.66,1,184,0.07,205,0.84,0.06,5,0,0
CL-0946,klinika,15,2,616,8,13444.04,1,139,0.66,186,0.68,0.3,7,0,0
CL-0947,klinika,14,3,22,11,727.56,1,94,0.62,323,0.73,0.18,1,0,1
CL-0948,szpital,42,4,680,15,11945.38,0,0,0.0,63,0.66,0.04,5,0,0
CL-0949,klinika,2,4,464,13,12785.72,1,137,0.06,156,0.53,0.11,8,1,0
CL-0950,klinika,15,3,283,5,12572.21,0,0,0.0,285,0.56,0.19,7,0,1
CL-0951,szpital,16,3,455,20,14967.74,1,87,0.33,213,0.41,0.01,7,1,0
CL-0952,klinika,6,4,68,7,6845.01,1,82,0.05,292,0.12,0.05,9,0,0
CL-0953,klinika,3,3,504,13,13255.06,0,0,0.0,19,0.7,0.0,0,0,0
CL-0954,klinika,14,3,234,12,1704.11,1,46,0.17,249,0.32,0.12,9,0,1
CL-0955,mobilny,2,2,675,22,14935.47,1,79,0.75,70,0.58,0.18,2,0,0
CL-0956,klinika,12,4,379,16,8589.92,1,94,0.89,118,0.44,0.08,9,0,0
CL-0957,mobilny,2,2,482,21,527.1,1,134,0.56,300,0.77,0.16,10,0,0
CL-0958,klinika,8,3,31,17,7140.62,1,99,0.68,232,0.06,0.03,7,0,0
CL-0959,szpital,44,8,641,22,4224.15,0,0,0.0,218,0.73,0.13,10,0,1
CL-0960,mobilny,2,2,237,17,14242.39,0,0,0.0,197,0.51,0.22,0,0,1
CL-0961,klinika,14,1,342,23,3727.3,0,0,0.0,98,0.29,0.14,9,0,1
CL-0962,klinika,3,4,692,27,9666.85,1,196,0.84,82,0.14,0.06,10,0,0
CL-0963,klinika,6,1,431,16,5317.78,0,0,0.0,302,0.32,0.05,1,0,0
CL-0964,klinika,5,4,590,4,6695.25,1,151,0.47,78,0.09,0.03,3,0,0
CL-0965,szpital,44,4,239,11,7168.6,0,0,0.0,152,0.83,0.37,2,0,0
CL-0966,szpital,21,8,62,8,7863.71,1,110,0.61,360,0.81,0.15,4,0,0
CL-0967,szpital,46,2,218,17,6150.16,1,182,0.74,1,0.54,0.23,4,1,0
CL-0968,klinika,13,1,558,24,12508.29,1,42,0.49,161,0.56,0.06,3,0,0
CL-0969,klinika,3,3,444,11,6514.53,0,0,0.0,36,0.32,0.13,8,0,1
CL-0970,klinika,13,2,280,14,7678.74,1,42,0.56,267,0.33,0.05,8,0,0
CL-0971,mobilny,1,1,85,20,7669.02,0,0,0.0,329,0.75,0.05,3,1,0
CL-0972,klinika,11,1,546,10,8493.33,1,31,0.41,93,0.3,0.06,8,0,0
CL-0973,klinika,8,2,88,15,767.19,1,12,0.7,86,0.67,0.06,9,1,0
CL-0974,klinika,9,1,119,23,12413.36,1,102,0.37,298,0.22,0.08,1,0,0
CL-0975,mobilny,2,1,598,11,12617.37,1,9,0.98,281,0.86,0.35,1,1,0
CL-0976,klinika,13,4,709,20,13858.68,0,0,0.0,25,0.57,0.13,5,0,0
CL-0977,szpital,46,3,285,6,5811.62,0,0,0.0,266,0.62,0.25,9,0,1
CL-0978,szpital,42,5,585,25,2050.27,1,171,0.52,332,0.44,0.06,0,0,0
CL-0979,szpital,13,3,429,28,13921.62,0,0,0.0,356,0.29,0.01,6,0,1
CL-0980,klinika,5,4,132,12,1569.63,1,64,0.43,80,0.88,0.35,0,0,0
CL-0981,szpital,23,2,235,1,13817.39,0,0,0.0,106,0.24,0.1,6,1,1
CL-0982,klinika,12,3,496,5,4155.72,1,90,0.14,168,0.8,0.12,2,0,0
CL-0983,klinika,8,3,329,7,11973.96,0,0,0.0,345,0.81,0.35,6,0,1
CL-0984,mobilny,2,1,582,22,7822.33,0,0,0.0,29,0.25,0.06,8,0,1
CL-0985,klinika,8,1,164,27,5114.94,1,47,0.36,189,0.75,0.05,9,0,0
CL-0986,klinika,4,1,661,19,6566.51,1,115,0.91,227,0.73,0.07,8,0,0
CL-0987,szpital,48,6,381,13,7116.29,1,34,0.04,285,0.65,0.26,8,1,0
CL-0988,szpital,25,2,700,13,9356.14,1,84,0.13,331,0.09,0.03,2,0,0
CL-0989,klinika,15,3,251,17,3471.37,1,195,0.36,5,0.38,0.15,9,0,0
CL-0990,szpital,47,5,214,25,3448.04,0,0,0.0,234,0.43,0.13,2,0,0
CL-0991,klinika,15,3,323,18,566.52,1,174,0.12,12,0.39,0.18,5,0,1
CL-0992,klinika,15,2,394,26,11429.59,0,0,0.0,287,0.81,0.05,6,0,0
CL-0993,szpital,18,8,108,7,4515.4,1,46,0.05,49,0.21,0.01,10,0,0
CL-0994,mobilny,1,2,33,18,6948.21,1,196,0.28,19,0.73,0.09,6,0,0
CL-0995,klinika,2,4,211,9,9041.57,1,104,0.22,193,0.56,0.08,3,0,0
CL-0996,szpital,27,5,321,12,1574.33,0,0,0.0,132,0.73,0.32,6,0,0
CL-0997,klinika,14,2,723,27,6627.95,1,181,0.75,33,0.82,0.05,1,1,0
CL-0998,klinika,2,2,319,15,3222.69,0,0,0.0,131,0.86,0.41,10,0,1
CL-0999,szpital,46,3,55,11,14625.85,1,4,0.85,124,0.07,0.01,0,0,1
CL-1000,klinika,9,2,139,4,5783.79,1,76,0.42,284,0.1,0.04,9,0,1
